Time,position,speed,result,alpha,0.33,beta,10
0,0.487484222475034,0.00486724681526463,0
1,0.48873580022753,0.00450567990898783,0
2,0.489862220204777,0.00416775391581374,0
3,0.4908759981843,0.0038523563221846,0
4,0.49178839836587,0.00355836070812314,0
5,0.492609558529283,0.00328464065365213,0
6,0.493348602676354,0.00303008100299409,0
7,0.494612368167847,0.00257409076425083,0
8,0.494612368167847,0.00257409076425083,0
9,0.495151131351062,0.00237055800614727,0
10,0.495636018215956,0.00218199089202193,0
11,0.496072416394361,0.00200743162066017,0
12,0.496465174754924,0.00184596429465055,0
13,0.496818657279432,0.00169671611763625,0
14,0.497136791551489,0.00155885793307831,0
15,0.49742311239634,0.00143160422425559,0
16,0.447680801156706,-0.00368578732213337,0
17,0.402912721041035,-0.00779401660148709,0
18,0.362621448936932,-0.0110437421517487,0
19,0.326359304043239,-0.0135655824259432,0
20,0.293723373638915,-0.0154726172237813,0
21,0.264351036275023,-0.0168625892377923,0
22,0.237915932647521,-0.0178198406767633,0
23,0.214124339382769,-0.0184170159355622,0
24,0.192711905444492,-0.0187165577358336,0
25,0.173440714900043,-0.0187720210166952,0
26,0.156096643410038,-0.0186292260640261,0
27,0.140486979069035,-0.0183272698917239,0
28,0.126438281162131,-0.0178994126932418,0
29,0.113794453045918,-0.017373854235539,0
30,0.102415007741326,-0.0167744133424442,0
31,0.0921735069671936,-0.0161211220856131,0
32,0.0829561562704742,-0.0154307449467237,0
33,0.0746605406434268,-0.0147172320147561,0
34,0.0671944865790841,-0.0139921142197147,0
35,0.0604750379211757,-0.0132648476635341,0
36,0.0544275341290582,-0.0125431132763925,0
37,0.0489847807161523,-0.0118330772900438,0
38,0.0440863026445371,-0.0111396173682009,0
39,0.0396776723800834,-0.0104665186578262,0
40,0.0357099051420751,-0.00981664351584443,0
41,0.0321389146278675,-0.00919207821568073,0
42,0.0289250231650808,-0.00859425954039134,0
43,0.0260325208485727,-0.00802408381800301,0
44,0.0234292687637154,-0.00748200064468844,0
45,0.0210863418873439,-0.00696809326785675,0
46,0.0189777076986095,-0.00648214735994451,0
47,-0.0829200630712514,-0.0160237097009362,0
48,-0.174628056764126,-0.02359213810013,-1
49,-0.257165251087714,-0.0294866437224758,-1
50,-0.331448725978942,-0.0339663268393511,-1
51,-0.398303853381048,-0.0372552068956265,-2
52,-0.458473468042943,-0.0395466476722534,-2
53,-0.512626121238649,-0.0410072482245986,-2
54,-0.561363509114784,-0.0417802621897523,-2
55,-0.605227158203306,-0.0419886008796292,-2
56,-0.644704442382975,-0.0417374692096332,-2
57,-0.680233998144678,-0.0411166778648401,-2
58,-0.71221059833021,-0.0402026700969094,-2
59,-0.740989538497189,-0.0390602971039163,-2
60,-0.71689058464747,-0.0327443720085528,-1
61,-0.695201526182723,-0.0273010289612228,-1
62,-0.675681373564451,-0.0226189108032733,-1
63,-0.658113236208006,-0.0186002059873015,-1
64,-0.642301912587205,-0.0151590530264913,-1
65,-0.628071721328485,-0.0122201285979701,0
66,-0.615264549195636,-0.00971739852488825,0
67,-0.653738094276073,-0.0125930131804431,0
68,-0.688364284848465,-0.014796330919638,-1
69,-0.719527856363619,-0.0164330549791896,-1
70,-0.747575070727257,-0.0175944709176344,-1
71,-0.772817563654531,-0.0183592731185984,-1
72,-0.795535807289078,-0.0187951701701933,-1
73,-0.81598222656017,-0.0189602950802832,-1
74,-0.834384003904153,-0.0189044433066531,-1
75,-0.900945603513738,-0.0236701589369463,-1
76,-0.960851043162364,-0.0272936870081143,-1
77,-1.01476593884613,-0.0299558078756792,-1
78,-1.11328934496151,-0.03681256769965,-2
79,-1.20196041046536,-0.0419984174800699,-2
80,-1.28176436941883,-0.0457789716274092,-2
81,-1.35358793247694,-0.04838343077048,-3
82,-1.41822913922925,-0.0500092083686626,-3
83,-1.47640622530632,-0.0508259961395038,-3
84,-1.52876560277569,-0.0509793342724902,-3
85,-1.57588904249812,-0.0505937448174843,-3
86,-1.61830013824831,-0.0497754799107546,-3
87,-1.65647012442348,-0.048614930537196,-3
88,-1.69082311198113,-0.0471887362392416,-3
89,-1.72174080078302,-0.0455616314955061,-3
90,-1.74956672070472,-0.0437880603381254,-3
91,-1.77461004863425,-0.0419135870972656,-2
92,-1.79714904377082,-0.0399761279011966,-2
93,-1.81743413939374,-0.0380070246733688,-2
94,-1.83569072545436,-0.0360319808120945,-2
95,-1.85212165290893,-0.0340718754763414,-2
96,-1.86690948761804,-0.032143471399618,-2
97,-1.93021853885623,-0.0352600293834758,-2
98,-1.98719668497061,-0.0374318410565659,-2
99,-2.03847701647355,-0.0388166901012032,-2
100,-2.08462931482619,-0.0395502509263475,-2
101,-2.12616638334357,-0.0397489326854508,-2
102,-2.16354974500922,-0.0395123755834699,-2
103,-2.19719477050829,-0.0389256405750308,-2
104,-2.22747529345747,-0.0380611288124448,-2
105,-2.25472776411172,-0.0369802629966256,-2
106,-2.27925498770055,-0.0357349590558459,-2
107,-2.30132948893049,-0.0343689132732559,-2
108,-2.32119654003744,-0.0329187270566253,-2
109,-2.3390768860337,-0.0314148889505884,-2
110,-2.35516919743033,-0.0298826311951926,-2
111,-2.3696522776873,-0.02834267610137,-2
112,-2.38268704991857,-0.02681188571436,-2
113,-2.39441834492671,-0.0253038266437384,-2
114,-2.40497651043404,-0.0238292605300974,-2
115,-2.26447885939063,-0.00739656937274728,-1
116,-2.13803097345157,0.00598787615843382,0
117,-2.02422787610641,0.0167693982771061,0
118,-1.92180508849577,0.0253347372104597,0
119,-1.8296245796462,0.0320193143743714,0
120,-1.74666212168158,0.0371136287333962,1
121,-1.67199590951342,0.0408688870768724,1
122,-1.60479631856208,0.0435019574643193,1
123,-1.54431668670587,0.0451997249035082,1
124,-1.48988501803528,0.046122919280216,1
125,-1.44089651623175,0.0464094775325472,1
126,-1.39680686460858,0.0461774949416101,1
127,-1.35712617814772,0.0455278140935348,1
128,-1.32141356033295,0.0445462944656585,1
129,-1.28927220429965,0.0433058006224222,1
130,-1.26034498386969,0.0418679426031765,1
131,-1.23431048548272,0.0402845981815557,1
132,-1.21087943693445,0.0385992432182273,1
133,-1.189791493241,0.0368481132657491,1
134,-1.1708123439169,0.0350612168715842,1
135,-1.15373110952521,0.0332632186235948,1
136,-1.08835799857269,0.0364742078564874,1
137,-1.02952219871542,0.0387103670565656,1
138,-0.928912980959492,0.0408867968926957,1
139,-0.928912980959492,0.0408867968926957,1
140,-0.886021682863543,0.0410872470130211,1
141,-0.797419514577188,0.0458387391403544,1
142,-0.71767756311947,0.0492290603720908,2
143,-0.645909806807523,0.0514829299660765,2
144,-0.58131882612677,0.052793735037544,2
145,-0.523186943514093,0.0533275497950573,2
146,-0.470868249162684,0.0532266642506925,2
147,-0.423781424246416,0.0526126803172501,2
148,-0.381403281821774,0.0515892265279893,2
149,-0.343262953639597,0.0502443366934081,2
150,-0.308936658275637,0.0486525325604632,2
151,-0.278042992448073,0.0468766458871733,2
152,-0.250238693203266,0.0449694112229367,2
153,-0.225214823882939,0.0429748570326757,2
154,-0.202693341494645,0.0409295195682375,1
155,-0.182424007345181,0.0388635010263602,1
156,-0.164181606610663,0.036801390997176,1
157,-0.147763445949597,0.034763067963565,1
158,-0.132987101354637,0.0327643956267045,1
159,-0.119688391219173,0.0308178270775804,1
160,-0.107719552097256,0.0289329282820141,1
161,-0.0969475968875303,0.0271168309747852,1
162,-0.0872528371987773,0.025374623846182,1
163,-0.0785275534788995,0.0237096898335516,1
164,-0.0706747981310096,0.0221239963849854,1
165,-0.0636073183179086,0.020618344727797,1
166,-0.0572465864861178,0.0191925834381964,0
167,-0.051521927837506,0.0178457909592379,0
168,-0.0463697350537554,0.0165764311416892,0
169,-0.0417327615483798,0.0153824853780578,0
170,-0.0375594853935419,0.0142615644557358,0
171,-0.0338035368541877,0.0132110028640977,0
172,-0.0304231831687689,0.0122279379462298,0
173,-0.027380864851892,0.0113093759832945,0
174,-0.0246427783667028,0.010452247033484,0
175,-0.0221785005300325,0.0096534501138026,0
176,-0.0199606504770293,0.00890989010772266,0
177,-0.0179645854293264,0.00821850760172069,0
178,-0.0161681268863937,0.00757630269584188,0
179,-0.0145513141977543,0.00698035369512163,0
180,-0.0130961827779789,0.00642783146758701,0
181,-0.011786564500181,0.0059160101486081,0
182,-0.0106079080501629,0.0054422747787491,0
183,-0.00954711724514663,0.00500412638137582,0
184,-0.00859240552063196,0.0045991849156897,0
185,-0.00773316496856877,0.00422519047932705,0
186,-0.00695984847171189,0.00388000308108004,0
187,-0.0062638636245407,0.00356160125768915,0
188,-0.00563747726208663,0.00326807976816564,0
189,-0.00507372953587797,0.00299764656396994,0
190,-0.00456635658229017,0.00274861920293173,0
191,-0.00410972092406115,0.00251942084846146,0
192,-0.00369874883165504,0.00230857597285592,0
193,-0.00332887394848954,0.00211470586388688,0
194,-0.00299598655364058,0.00193652401698309,0
195,-0.00269638789827652,0.00177283148082119,0
196,-0.00242674910844887,0.00162251221172183,0
197,-0.052184074197604,-0.00351547151836586,0
198,-0.0969656667778436,-0.00764208362455324,0
199,-0.173542190090053,-0.0134447057338869,0
200,-0.173542190090053,-0.0134447057338869,0
201,-0.256187971081048,-0.0203648132595977,-1
202,-0.330569173972943,-0.0257664522228275,-1
203,-0.397512256575649,-0.0298841152608153,-1
204,-0.457761030918084,-0.0329205811689773,-1
205,-0.511984927826276,-0.0350509127428987,-1
206,-0.560786435043648,-0.0364259721903461,-2
207,-0.604707791539283,-0.037175510620875,-2
208,-0.644237012385355,-0.0374108816433947,-2
209,-0.67981331114682,-0.0372274233552016,-2
210,-0.711831980032138,-0.0367065479082133,-2
211,-0.740648782028924,-0.0359175733170706,-2
212,-0.766583903826031,-0.0349193281650743,-2
213,-0.789925513443428,-0.0337615563103065,-2
214,-0.810932962099086,-0.0324861455448416,-2
215,-0.829839665889177,-0.0311282013693666,-1
216,-0.846855699300259,-0.0297169845735382,-1
217,-0.862170129370233,-0.0282767291231818,-1
218,-0.87595311643321,-0.0268273549171612,-1
219,-0.888357804789889,-0.025385088261113,-1
220,-0.8995220243109,-0.0239630013871028,-1
221,-0.90956982187981,-0.0225714810052835,-1
222,-0.918612839691829,-0.0212186346859571,-1
223,-0.876751555722646,-0.0149106428204431,-1
224,-0.839076400150382,-0.00965206298117232,0
225,-0.805168760135343,-0.00529609268155128,0
226,-0.774651884121809,-0.00171479581204272,0
227,-0.747186695709628,0.00120320261037965,0
228,-0.722468026138665,0.00355474930643797,0
229,-0.700221223524799,0.00542395463718083,0
230,-0.680199101172319,0.00688377140871074,0
231,-0.662179191055087,0.00799738527956285,0
232,-0.645961271949578,0.00881943866215744,0
233,-0.68136514475462,0.00439710751543748,0
234,-0.713228630279158,0.000771048211439931,0
235,-0.741905767251243,-0.00217377030691248,0
236,-0.767715190526118,-0.00453733560370881,0
237,-0.790943671473507,-0.00640645013807675,0
238,-0.811849304326156,-0.00785636840953401,0
239,-0.83066437389354,-0.00895223852531905,0
240,-0.847597936504186,-0.00975037093385174,0
241,-0.862838142853768,-0.0102993544754247,0
242,-0.876554328568391,-0.0106410375993445,0
243,-0.938898895711552,-0.0158113905537262,-1
244,-0.995009006140397,-0.0198412625412381,-1
245,-1.09550810552636,-0.0279070462257103,-1
246,-1.18595729497372,-0.0341612605478757,-2
247,-1.26736156547635,-0.0388855615433509,-2
248,-1.34062540892871,-0.0423233897342523,-2
249,-1.40656286803584,-0.04468479667154,-2
250,-1.46590658123226,-0.0461506883240275,-2
251,-1.51931592310903,-0.0468765536793022,-3
252,-1.56738433079813,-0.0469957390802816,-3
253,-1.61064589771832,-0.0466223218642722,-3
254,-1.64958130794648,-0.0458536307006618,-3
255,-1.68462317715184,-0.0447724545511308,-3
256,-1.71616085943665,-0.0434489773244993,-2
257,-1.74454477349299,-0.0419424709976829,-2
258,-1.77009029614369,-0.0403027761629847,-2
259,-1.79308126652932,-0.0385715955852494,-2
260,-1.81377313987639,-0.0367836233614312,-2
261,-1.83239582588875,-0.0349675296265242,-2
262,-1.84915624329987,-0.0331468184049843,-2
263,-1.86424061896989,-0.0313405741314871,-2
264,-1.8778165570729,-0.0295641105286396,-2
265,-1.89003490136561,-0.0278295339050466,-2
266,-1.90103141122905,-0.0261462315008859,-2
267,-1.91092827010614,-0.0245212942385068,-2
268,-1.91983544309553,-0.0229598821135947,-2
269,-1.92785189878598,-0.02146553947128,-1
270,-1.93506670890738,-0.0200404665362922,-1
271,-1.94156003801664,-0.0186857527935892,-1
272,-1.94740403421498,-0.0174015771340639,-1
273,-1.95266363079348,-0.0161873790785077,-1
274,-1.95739726771413,-0.0150420048627222,-1
275,-1.96165754094272,-0.0139638316993086,-1
276,-1.96549178684845,-0.0129508731199506,-1
277,-1.9689426081636,-0.0120008679394711,-1
278,-1.97204834734724,-0.011111355063888,-1
279,-1.97484351261252,-0.0102797360840267,-1
280,-1.97735916135127,-0.0095033273494989,-1
281,-1.97962324521614,-0.00877940300103636,-1
282,-1.98166092069453,-0.00810523024877134,-1
283,-1.98349482862507,-0.00747809801694895,-1
284,-1.98514534576257,-0.00689533992900333,-1
285,-1.98663081118631,-0.00635435247847735,-1
286,-1.98796773006768,-0.00585260911876653,-1
287,-1.98917095706091,-0.00538767090621311,-1
288,-1.99025386135482,-0.00495719424498269,-1
289,-1.99122847521934,-0.00455893620693623,-1
290,-1.9921056276974,-0.00419075783404923,-1
291,-1.99289506492766,-0.00385062577367027,-1
292,-1.9936055584349,-0.00353661254702662,-1
293,-1.99424500259141,-0.00324689570797499,-1
294,-1.99482050233227,-0.00297975611126342,-1
295,-1.99533845209904,-0.00273357547681442,-1
296,-1.99580460688914,-0.00250683340814257,-1
297,-1.94622414620022,0.00270189600156305,0
298,-1.9016017315802,0.00689394786340897,0
299,-1.86144155842218,0.0102205703928701,0
300,-1.82529740257996,0.0128129289378049,0
301,-1.74276766232197,0.019784610069824,0
302,-1.66849089608977,0.0252338256860612,0
303,-1.60164180648079,0.0293953520783528,0
304,-1.54147762583271,0.0324722349353255,0
305,-1.48732986324944,0.03463978770012,1
306,-1.4385968769245,0.0360491075626025,1
307,-1.39473718923205,0.0368301655755872,1
308,-1.35526347030884,0.037094520910349,1
309,-1.31973712327796,0.0369377035224025,1
310,-1.28776341095016,0.0364413044029418,1
311,-1.25898706985515,0.0356748080721493,1
312,-1.23308836286963,0.0346971979634858,1
313,-1.1888015739244,0.0323003208820769,1
314,-1.1888015739244,0.0323003208820769,1
315,-1.16992141653196,0.0309583045331132,0
316,-1.15292927487877,0.0295616882451215,0
317,-1.13763634739089,0.028134812169397,0
318,-1.1238727126518,0.0266976944263662,0
319,-1.11148544138662,0.0252666521102476,0
320,-1.10033689724796,0.023854841313089,0
321,-1.09030320752316,0.0224727261542597,0
322,-1.08127288677085,0.0211284856140654,0
323,-1.07314559809376,0.0198283659203673,0
324,-1.06583103828439,0.0185769853092682,0
325,-1.05924793445595,0.0173775971611852,0
326,-1.05332314101035,0.0162323167896262,0
327,-1.04799082690932,0.0151423165207671,0
328,-1.04319174421839,0.0141079931377835,0
329,-1.03887256979655,0.013129111266189,0
330,-1.03498531281689,0.0122049258375356,0
331,-1.0314867815352,0.0113342863819509,0
332,-1.02833810338168,0.0105157255591079,0
333,-1.02550429304351,0.00974753403701391,0
334,-1.02295386373916,0.00902782356374767,0
335,-1.02065847736525,0.00835457984476454,0
336,-1.01859262962872,0.00772570663394056,0
337,-1.01673336666585,0.00713906226683372,0
338,-1.01506002999926,0.00659248970680884,0
339,-1.01355402699934,0.00608384103612061,0
340,-1.0121986242994,0.00561099720250193,0
341,-1.01097876186946,0.00517188372524578,0
342,-0.959880885682518,0.00976448297141584,0
343,-0.913892797114266,0.0133868435310994,0
344,-0.872503517402839,0.0161870871491321,0
345,-0.835253165662555,0.0182934136082473,0
346,-0.8017278490963,0.0198166039040481,0
347,-0.77155506418667,0.0208522220046063,0
348,-0.744399557768003,0.0214825504460124,0
349,-0.719959601991203,0.0217782909790912,0
350,-0.697963641792082,0.0218000579010941,0
351,-0.678167277612874,0.0215996885289055,0
352,-0.660350549851587,0.0212213924521437,0
353,-0.644315494866428,0.0207027587054452,0
354,-0.629883945379785,0.020075637783565,0
355,-0.616895550841807,0.0193669134590063,0
356,-0.605205995757626,0.0185991776215237,0
357,-0.594685396181863,0.0177913198169476,0
358,-0.585216856563677,0.0169590417970715,0
359,-0.576695170907309,0.0161153061830011,0
360,-0.569025653816578,0.0152707272737741,0
361,-0.562123088434921,0.0144339110845625,0
362,-0.555910779591429,0.0136117508604554,0
363,-0.550319701632286,0.0128096835703242,0
364,-0.545287731469057,0.0120319122296146,0
365,-0.540758958322151,0.0112815983213437,0
366,-0.536683062489936,0.0105610280724309,0
367,-0.533014756240943,0.00987175589008713,0
368,-0.529713280616849,0.00921472786348784,0
369,-0.526741952555164,0.00859038788330754,0
370,-0.524067757299647,0.00799876862052843,0
371,-0.521660981569683,0.00743956933147206,0
372,-0.519494883412714,0.00691222221402167,0
373,-0.517545395071443,0.00641594882674665,0
374,-0.515790855564299,0.00594980789478641,0
375,-0.514211770007869,0.00551273566095076,0
376,-0.512790593007082,0.00510357979493437,0
377,-0.511511533706374,0.00472112774551175,0
378,-0.510360380335736,0.00436413030802431,0
379,-0.509324342302163,0.00403132108057924,0
380,-0.508391908071946,0.00372143239554295,0
381,-0.507552717264752,0.00343320823670811,0
382,-0.506797445538277,0.00316541458568482,0
383,-0.506117700984449,0.00291684758249911,0
384,-0.505505930886004,0.00268633983409369,0
385,-0.504955337797404,0.00247276515954436,0
386,-0.504459804017663,0.00227504202156395,0
387,-0.504013823615897,0.00209213585958419,0
388,-0.503612441254307,0.00192306050978475,0
389,-0.503251197128877,0.00176687887134934,0
390,-0.502926077415989,0.00162270295550317,0
391,-0.50263346967439,0.00148969343411274,0
392,-0.502370122706951,0.00136705878744537,0
393,-0.502133110436256,0.00125405413577034,0
394,-0.50191979939263,0.00114997982655587,0
395,-0.501727819453367,0.00105417983782658,0
396,-0.501555037508031,0.000966040048577602,0
397,-0.501399533757227,0.00088498641880015,0
398,-0.501259580381505,0.000810483114492405,0
399,-0.501133622343354,0.000742030606858217,0
400,-0.501020260109019,0.00067916376960594,0
401,-0.500918234098117,0.000621449993735538,0
402,-0.500826410688305,0.000568487335343157,0
403,-0.500743769619475,0.000519902708691891,0
404,-0.500669392657527,0.000475350134017447,0
405,-0.500602453391774,0.000434509047190976,0
406,-0.500542208052597,0.000397082676389627,0
407,-0.500487987247337,0.000362796489276638,0
408,-0.500439188522604,0.000331396712822348,0
409,-0.500395269670343,0.000302648926766153,0
410,-0.550355742703309,-0.00472366326920703,0
411,-0.595320168432978,-0.00874773951525324,0
412,-0.63578815158968,-0.0119197638793981,0
413,-0.672209336430712,-0.0143699059755615,-1
414,-0.704988402787641,-0.0162108220136982,-1
415,-0.734489562508877,-0.017539855784452,-1
416,-0.761040606257989,-0.018440974580918,-1
417,-0.78493654563219,-0.0189864710602464,-1
418,-0.856442891068971,-0.0242384584978998,-1
419,-0.920798601962074,-0.0282501837374201,-1
420,-0.978718741765867,-0.0312171793440574,-2
421,-1.03084686758928,-0.033308273991993,-2
422,-1.12776218083035,-0.0396689779169009,-2
423,-1.21498596274732,-0.0444244583169073,-2
424,-1.29348736647259,-0.0478321528577434,-3
425,-1.36413862982533,-0.0501140639072432,-3
426,-1.42772476684279,-0.0514612712182656,-3
427,-1.48495229015851,-0.0520378964280111,-3
428,-1.53645706114266,-0.0519845838836248,-3
429,-1.5828113550284,-0.0514215548838357,-3
430,-1.62453021952556,-0.0504512858451682,-3
431,-1.662077197573,-0.0491608550653958,-3
432,-1.6958694778157,-0.0476239975831262,-3
433,-1.72628253003413,-0.0459029030466566,-3
434,-1.75365427703072,-0.0440497874416496,-3
435,-1.77828884932765,-0.0421082659271775,-2
436,-1.80045996439488,-0.0401145508411833,-2
437,-1.82041396795539,-0.0380984961131161,-2
438,-1.83837257115985,-0.0360845068222506,-2
439,-1.85453531404387,-0.034092330428427,-2
440,-1.86908178263948,-0.0321377442451456,-2
441,-1.88217360437553,-0.0302331519942362,-2
442,-1.89395624393798,-0.0283881007510572,-2
443,-1.90456061954418,-0.0266097282365717,-2
444,-1.91410455758976,-0.0249031492174727,-2
445,-1.92269410183079,-0.0232717887198278,-2
446,-1.93042469164771,-0.0217176688295372,-1
447,-1.93738222248294,-0.0202416550301064,-1
448,-1.94364400023464,-0.0188436673022663,-1
449,-1.94927960021118,-0.0175228605696933,-1
450,-1.95435164019006,-0.0162777785106121,-1
451,-1.95891647617106,-0.0151064842576503,-1
452,-1.96302482855395,-0.0140066710701747,-1
453,-1.96672234569855,-0.0129757556776177,-1
454,-1.9700501111287,-0.0120109566528704,-1
455,-1.97304510001583,-0.0111093598762964,-1
456,-1.97574059001425,-0.0102679728885085,-1
457,-1.97816653101282,-0.00948376969951515,-1
458,-1.98034987791154,-0.00875372741943541,-1
459,-1.98231489012039,-0.00807485589837646,-1
460,-1.98408340110835,-0.00744422140733497,-1
461,-1.98567506099751,-0.00685896525551799,-1
462,-1.98710755489776,-0.00631631811999107,-1
463,-1.98839679940799,-0.00581361075901436,-1
464,-1.98955711946719,-0.00534828168903306,-1
465,-1.99060140752047,-0.00491788232545788,-1
466,-1.99154126676842,-0.00452008001770742,-1
467,-1.94238714009158,0.000847340651747526,0
468,-1.89814842608242,0.00518647798748855,0
469,-1.85833358347418,0.00864931444956391,0
470,-1.82250022512676,0.0113677188393493,0
471,-1.79025020261409,0.013455949206682,0
472,-1.76122518235268,0.0150128563121547,0
473,-1.73510266411741,0.0161238225044659,0
474,-1.66159239770567,0.0218624668951934,0
475,-1.5954331579351,0.0262921441827308,0
476,-1.53588984214159,0.0296172613438087,0
477,-1.48230085792743,0.0320144336308437,0
478,-1.43407077213469,0.0336359988470337,1
479,-1.39066369492122,0.0346131066836772,1
480,-1.3515973254291,0.0350584329645217,1
481,-1.31643759288619,0.0350685629223605,1
482,-1.28479383359757,0.0347260825589863,1
483,-1.25631445023781,0.0341014126390634,1
484,-1.23068300521403,0.0332544158775352,1
485,-1.20761470469263,0.032235804341922,1
486,-1.18685323422337,0.031088370954656,0
487,-1.16816791080103,0.0298480662014241,0
488,-1.15135111972093,0.028544938689292,0
489,-1.13621600774883,0.027203956017572,0
490,-1.12259440697395,0.0258457204933032,0
491,-1.06033496627655,0.0294870925137124,0
492,-1.0043014696489,0.0321417329251067,1
493,-0.95387132268401,0.033970574329085,1
494,-0.858484190415609,0.0401122301230166,1
495,-0.772635771374048,0.044685849014871,1
496,-0.695372194236643,0.0479436218271244,2
497,-0.625834974812979,0.0501029815867784,2
498,-0.563251477331681,0.0513510331762303,2
499,-0.506926329598513,0.0518484446319241,2
500,-0.456233696638661,0.0517328634647168,2
501,-0.410610326974795,0.0511219140846318,2
502,-0.369549294277316,0.0501158259459165,2
503,-0.332594364849584,0.048799736294098,2
504,-0.299334928364626,0.0472457063131841,2
505,-0.269401435528163,0.0455144849655119,2
506,-0.242461291975347,0.0436570508242424,2
507,-0.218215162777812,0.0417159586615716,1
508,-0.196393646500031,0.0397265144231926,1
509,-0.176754281850028,0.0377177994458736,1
510,-0.159078853665025,0.0357135623197865,1
511,-0.143170968298523,0.0337329946244581,1
512,-0.12885387146867,0.0317914048449975,1
513,-0.165968484321803,0.0249008030751845,1
514,-0.149371635889623,0.0240704076108841,1
515,-0.134434472300661,0.0231570832086919,1
516,-0.120991025070595,0.0221857196108293,1
517,-0.108891922563535,0.0211770579004523,1
518,-0.0980027303071816,0.0201482713360424,0
519,-0.0882024572764634,0.01911347150551,0
520,-0.0793822115488171,0.0180841489277237,0
521,-0.0714439903939354,0.0170695561504395,0
522,-0.0642995913545418,0.0160770404393349,0
523,-0.0578696322190877,0.0151123323089468,0
524,-0.0520826689971789,0.014179795400243,0
525,-0.046874402097461,0.0132826425501905,0
526,-0.0421869618877149,0.012423122316146,0
527,-0.0379682656989434,0.0116026797034086,0
528,-0.0341714391290491,0.0108220943900572,0
529,-0.0307542952161442,0.0100815993423419,0
530,-0.0276788656945297,0.00938098236026919,0
531,-0.0249109791250768,0.00871967278118757,0
532,-0.0224198812125691,0.00809681529431958,0
533,-0.0201778930913122,0.00751133257701331,0
534,-0.018160103782181,0.0069619782502251,0
535,-0.0163440934039629,0.0064473814630244,0
536,-0.0147096840635666,0.00596608425076159,0
537,-0.0132387156572099,0.0055165726663211,0
538,-0.0119148440914889,0.00509730255626109,0
539,-0.01072335968234,0.00470672074154987,0
540,-0.00965102371410603,0.00434328226421828,0
541,-0.00868592134269543,0.00400546427493751,0
542,-0.00781732920842589,0.00369177706087072,0
543,-0.0570355962875833,-0.0015992273531321,0
544,-0.101332036658825,-0.00586894865494306,0
545,-0.141198832992942,-0.0092687334228605,0
546,-0.177078949693648,-0.011929871750645,0
547,-0.209371054724283,-0.013966095078644,0
548,-0.238433949251855,-0.0154757750235368,0
549,-0.26459055432667,-0.0165438580286646,0
550,-0.288131498894003,-0.0172435666825314,0
551,-0.309318349004602,-0.0176378950253383,-1
552,-0.328386514104142,-0.0177809220327584,-1
553,-0.345547862693728,-0.0177189646884411,-1
554,-0.360993076424355,-0.0174915895926597,-1
555,-0.37489376878192,-0.0171324998691502,-1
556,-0.387404391903728,-0.016670312194416,-1
557,-0.398663952713355,-0.0161292370559371,0
558,-0.408797557442019,-0.0155296738232099,0
559,-0.417917801697817,-0.0148887308664687,0
560,-0.426126021528036,-0.0142206797628436,0
561,-0.433513419375232,-0.0135373515712789,0
562,-0.440162077437709,-0.0128484822203987,0
563,-0.446145869693938,-0.0121620132239817,0
564,-0.451531282724544,-0.0114843532046442,0
565,-0.45637815445209,-0.0108206050569343,0
566,-0.460740339006881,-0.01017476300672,0
567,-0.464666305106193,-0.00954988331597919,0
568,-0.468199674595573,-0.00894823193331934,0
569,-0.471379707136016,-0.00837141199403168,0
570,-0.474241736422414,-0.00782047372326835,0
571,-0.476817562780173,-0.00729600898671737,0
572,-0.529135806502156,-0.0117982324602439,0
573,-0.57622222585194,-0.015327051149198,-1
574,-0.618600003266746,-0.0180321237757588,-1
575,-0.656740002940072,-0.0200429113655154,-1
576,-0.691066002646064,-0.0214712201995632,-1
577,-0.721959402381458,-0.0224134381531462,-1
578,-0.749763462143312,-0.022952500314017,-1
579,-0.774787115928981,-0.0231596156611822,-1
580,-0.797308404336083,-0.0230957829357742,-1
581,-0.817577563902475,-0.0228131205988359,-1
582,-0.835819807512227,-0.0223560328999276,-1
583,-0.852237826761004,-0.0217622315348126,-1
584,-0.867014044084904,-0.0210636301137213,-1
585,-0.880312639676414,-0.0202871266615001,-1
586,-0.892281375708772,-0.0194552875985859,-1
587,-0.903053238137895,-0.0185869450816396,-1
588,-0.912747914324106,-0.0176977181920967,-1
589,-0.921473122891695,-0.016800467229646,-1
590,-0.929325810602525,-0.0159056892777644,-1
591,-0.936393229542273,-0.0150218622439627,-1
592,-0.992753906588046,-0.0191557437241437,-1
593,-1.09347851592924,-0.0273126302858489,-1
594,-1.18413066433632,-0.0336465820979716,-2
595,-1.26571759790269,-0.0384406172448113,-2
596,-1.33914583811242,-0.0419393795413033,-2
597,-1.40523125430118,-0.0443539832060488,-2
598,-1.46470812887106,-0.0458662723424322,-2
599,-1.51823731598395,-0.0466325638194784,-3
600,-1.56641358438556,-0.046786934277691,-3
601,-1.609772225947,-0.0464441050060664,-3
602,-1.6487950033523,-0.0457019722459897,-3
603,-1.68391550301707,-0.0446438249878677,-3
604,-1.71552395271536,-0.0433402874589102,-2
605,-1.74397155744383,-0.0418510191858656,-2
606,-1.76957440169944,-0.0402262016928408,-2
607,-1.7926169615295,-0.0385078375065622,-2
608,-1.81335526537655,-0.036730884140611,-2
609,-1.8320197388389,-0.0349242430727844,-2
610,-1.84881776495501,-0.033111621377117,-2
611,-1.86393598845951,-0.0313122815898553,-2
612,-1.87754238961355,-0.0295416935462747,-2
613,-1.8897881506522,-0.0278121002955117,-2
614,-1.85080933558698,-0.0211330087594385,-1
615,-1.81572840202828,-0.0155116145276249,-1
616,-1.73415556182545,-0.00580316905457957,-1
617,-1.66074000564291,0.00211870346913293,0
618,-1.59466600507862,0.00851423317864871,0
619,-1.53519940457076,0.01360946991157,0
620,-1.48167946411368,0.0176005169661206,0
621,-1.43351151770231,0.0206572599106453,0
622,-1.39016036593208,0.0229266490966039,0
623,-1.35114432933887,0.0245355878462643,0
624,-1.31602989640499,0.0255934723550266,0
625,-1.28442690676449,0.0261944240835738,0
626,-1.25598421608804,0.0264192507428613,0
627,-1.23038579447923,0.0263371678294556,0
628,-1.20734721503131,0.0260073089913023,0
629,-1.13661249352818,0.0304800502424852,0
630,-1.07295124417536,0.0337981701535185,1
631,-1.01565611975783,0.0361478655799202,1
632,-0.964090507782043,0.0376896402195065,1
633,-0.917681457003839,0.0385615812753763,1
634,-0.875913311303455,0.038882237717877,1
635,-0.838321980173109,0.0387531470591239,1
636,-0.804489782155798,0.0382610521549426,1
637,-0.774040803940218,0.0374798447610063,1
638,-0.746636723546197,0.0364722683243079,1
639,-0.721973051191577,0.035291408727339,1
640,-0.699775746072419,0.0339819983665209,1
641,-0.629798171465177,0.037581555990593,1
642,-0.56681835431866,0.0401213821061855,1
643,-0.510136518886794,0.0417774274387535,1
644,-0.459122866998114,0.0427010498837461,1
645,-0.413210580298303,0.0430221735653526,1
646,-0.371889522268473,0.0428520620118004,1
647,-0.334700570041625,0.0422857510333051,1
648,-0.301230513037463,0.0414041816303908,1
649,-0.271107461733716,0.0402760685977264,1
650,-0.243996715560345,0.0389595363552909,1
651,-0.21959704400431,0.0375035498753653,1
652,-0.197637339603879,0.0359491653278718,1
653,-0.177873605643491,0.0343306221911234,1
654,-0.160086245079142,0.032676296028446,1
655,-0.144077620571228,0.0310095288763928,1
656,-0.129669858514105,0.0293493521944658,1
657,-0.116702872662695,0.0277111155601603,1
658,-0.105032585396425,0.0261070327307712,1
659,-0.0945293268567827,0.0245466553116583,1
660,-0.0850763941711044,0.0230372830490603,1
661,-0.076568754753994,0.0215843186858654,1
662,-0.0189118792785946,0.0251915743648188,1
663,0.0329793086492649,0.0278615357211228,1
664,0.0796813777843384,0.0297455890625179,1
665,0.121713240005905,0.0309742163784227,1
666,0.159541916005314,0.0316596623405214,1
667,0.193587724404783,0.0318982769464161,1
668,0.174228951964304,0.0267725720077267,1
669,0.156806056767874,0.022353025287311,1
670,0.141125451091087,0.0185496621909011,0
671,0.127012905981978,0.0152834414609001,0
672,0.11431161538378,0.0124849682549904,0
673,0.102880453845402,0.0100933552756535,0
674,0.0925924084608619,0.00805521520963415,0
675,0.0833331676147757,0.00632376960406211,0
676,0.0749998508532981,0.00485806096750814,0
677,0.0674998657679683,0.00362225636222435,0
678,0.0607498791911715,0.00258503206832223,0
679,0.0546748912720543,0.00171903006957829,0
680,0.0492074021448489,0.00100037814989992,0
681,0.044286661930364,0.00040826631346144,0
682,0.0398579957373276,-7.54269371883441E-05,0
683,0.0358721961635948,-0.000466464200842786,0
684,0.0322849765472354,-0.000778539742394456,0
685,-0.0209435211074882,-0.00602353553362736,0
686,-0.0688491689967394,-0.0102117467691897,0
687,-0.111964252097065,-0.0135020804023034,0
688,-0.150767826887359,-0.0160322298411024,0
689,-0.185691044198623,-0.0179213285881186,0
690,-0.217121939778761,-0.0192722852873205,-1
691,-0.245409745800885,-0.0201738373608008,-1
692,-0.270868771220796,-0.0207023561667119,-1
693,-0.293781894098717,-0.0209234328378327,-1
694,-0.33296333421996,-0.0206599065048676,-1
695,-0.33296333421996,-0.0206599065048676,-1
696,-0.349667000797964,-0.0202642825121813,-1
697,-0.364700300718168,-0.0197411842529835,-1
698,-0.378230270646351,-0.0191200628205035,-1
699,-0.390407243581716,-0.0184257538319896,-1
700,-0.401366519223544,-0.0176791060129735,-1
701,-0.41122986730119,-0.0168975302194407,-1
702,-0.420106880571071,-0.0160954785244847,-1
703,-0.428096192513964,-0.0152848618663255,0
704,-0.435286573262568,-0.0144754137545533,0
705,-0.441757915936311,-0.0136750066464723,0
706,-0.44758212434268,-0.012889926822462,0
707,-0.452823911908412,-0.012125112896789,0
708,-0.457541520717571,-0.011384362488026,0
709,-0.461787368645813,-0.0106705110320477,0
710,-0.465608631781232,-0.00998558624238477,0
711,-0.469047768603109,-0.00933094130033398,0
712,-0.472142991742798,-0.00870736948426949,0
713,-0.474928692568518,-0.00811520261841456,0
714,-0.527435823311667,-0.0125543954308879,0
715,-0.6246922409805,-0.0210245976546825,-1
716,-0.71222301688245,-0.0276752154794092,-1
717,-0.791000715194205,-0.0327854637626438,-2
718,-0.861900643674784,-0.0365969102344374,-2
719,-0.925710579307306,-0.0393182127742458,-2
720,-0.983139521376575,-0.0411292857037482,-2
721,-1.08482556923892,-0.0471849619196076,-2
722,-1.17634301231503,-0.0516182100352577,-3
723,-1.25870871108352,-0.0546929589085816,-3
724,-1.33283783997517,-0.0566365759068882,-3
725,-1.39955405597765,-0.0576445399164477,-3
726,-1.45959865037989,-0.0578845453650264,-3
727,-1.5136387853419,-0.0575001043247248,-3
728,-1.56227490680771,-0.0566137060388334,-3
729,-1.60604741612694,-0.0553295863668729,-3
730,-1.64544267451424,-0.0537361535689162,-3
731,-1.68089840706282,-0.0519081114668822,-3
732,-1.71280856635654,-0.0499083162495657,-3
733,-1.74152770972088,-0.0477893989610438,-3
734,-1.7673749387488,-0.0455951819677306,-3
735,-1.79063744487392,-0.0433619143834696,-3
736,-1.81157370038652,-0.0411193484963834,-2
737,-1.83041633034787,-0.0388916766428799,-2
738,-1.89737469731308,-0.0416983456751132,-2
739,-1.95763722758178,-0.043554764134471,-3
740,-2.0118735048236,-0.0446229154452061,-3
741,-2.06068615434124,-0.0450418888524495,-3
742,-2.15461753890711,-0.0499308384237922,-3
743,-2.2391557850164,-0.0533915791923418,-3
744,-2.31524020651476,-0.0556608634229436,-3
745,-2.38371618586329,-0.0569423750155016,-3
746,-2.44534456727696,-0.0574109756553186,-4
747,-2.50081011054926,-0.0572164324170172,-4
748,-2.55072909949434,-0.0564866880698228,-4
749,-2.5956561895449,-0.0553307282678972,-3
750,-2.63609057059041,-0.0538410935456584,-3
751,-2.67248151353137,-0.0520960784851885,-3
752,-2.70523336217823,-0.0501616555013559,-3
753,-2.73471002596041,-0.048093156329438,-3
754,-2.76123902336437,-0.04593674043689,-3
755,-2.78511512102793,-0.0437306761595574,-3
756,-2.80660360892514,-0.0415064573333223,-3
757,-2.82594324803263,-0.0392897755107387,-3
758,-2.84334892322936,-0.0371013654793385,-3
759,-2.85901403090643,-0.034957739699111,-3
760,-2.87311262781578,-0.0328718254201357,-2
761,-2.8858013650342,-0.0308535165999643,-2
762,-2.89722122853078,-0.0289101512896258,-2
763,-2.90749910567771,-0.0270469238753554,-2
764,-2.91674919510994,-0.0252672404310428,-2
765,-2.92507427559894,-0.0235730244368391,-2
766,-2.93256684803905,-0.0219649792371658,-2
767,-2.93931016323514,-0.0204428128330587,-2
768,-2.94537914691163,-0.0190054299174014,-2
769,-2.95084123222047,-0.017651095456545,-2
770,-2.95575710899842,-0.0163775735886858,-2
771,-2.96416325828872,-0.014062206644864,-2
772,-2.96416325828872,-0.014062206644864,-2
773,-2.96774693245985,-0.0130143533974904,-2
774,-2.97097223921386,-0.0120354487331429,-2
775,-2.97387501529248,-0.0111221814676899,-1
776,-2.97648751376323,-0.0102712131679962,-1
777,-2.97883876238691,-0.00947921671356428,-1
778,-2.98095488614821,-0.00874290741833877,-1
779,-2.98285939753339,-0.00805906781502273,-1
780,-2.98457345778005,-0.00742456705818653,-1
781,-2.93611611200205,-0.00183637577456735,-1
782,-2.89250450080184,0.00270842292290988,-1
783,-2.85325405072166,0.00636262563863732,-1
784,-2.81792864564949,0.00925890358199017,0
785,-2.78613578108454,0.0115122996802861,0
786,-2.70752220297609,0.0182224275231029,0
787,-2.63676998267848,0.0234754068005535,0
788,-2.57309298441063,0.027495565947283,0
789,-2.51578368596957,0.030476939196661,0
790,-2.46420531737261,0.0325870821366906,0
791,-2.41778478563535,0.0339704270967477,0
792,-2.37600630707182,0.0347512322434264,0
793,-2.33840567636463,0.0350361720898019,0
794,-2.30456510872817,0.034916611644468,0
795,-2.27410859785535,0.0344706015673029,0
796,-2.24669773806982,0.0337646273891262,0
797,-2.22202796426284,0.0328551420309118,0
798,-2.19982516783655,0.0317899074704489,0
799,-2.1798426510529,0.0306091684017696,0
800,-2.16185838594761,0.0293466780721216,0
801,-2.14567254735285,0.0280305941243855,0
802,-2.13110529261756,0.0266842601854755,0
803,-2.11799476335581,0.0253268870931036,0
804,-2.10619528702023,0.0239741460173513,0
805,-2.0955757583182,0.0226386842858184,0
806,-2.08601818248638,0.0213305734404186,0
807,-2.07741636423774,0.0200576979212406,0
808,-2.06967472781397,0.018826091771494,0
809,-2.06270725503257,0.0176402298724843,0
810,-2.05079287657638,0.0154173167872985,0
811,-2.05079287657638,0.0154173167872985,0
812,-1.99571358891875,0.0193835138743325,0
813,-1.94614223002687,0.0224022983760867,0
814,-1.85152800702418,0.0296234908387468,0
815,-1.76637520632177,0.0351764218251139,0
816,-1.68973768568959,0.0393225317058202,1
817,-1.57076391712063,0.0472876553921341,1
818,-1.46368752540857,0.053266529024127,1
819,-1.36731877286771,0.0575767513757999,2
820,-1.28058689558094,0.0604922639668971,2
821,-1.20252820602285,0.0622489065260168,2
822,-1.13227538542056,0.0630492979336435,2
823,-1.0690478468785,0.0630671219944848,2
824,-1.01214306219065,0.0624508882638214,2
825,-0.960928755971589,0.0613272300593458,2
826,-0.91483588037443,0.0598037946131271,2
827,-0.873352292336987,0.0579717739555587,2
828,-0.836017063103288,0.0559081194833727,2
829,-0.80241535679296,0.0536774781660683,2
830,-0.744956439002297,0.0489222337367886,2
831,-0.744956439002297,0.0489222337367886,2
832,-0.720460795102067,0.0464795747531327,1
833,-0.698414715591861,0.0440362252288401,1
834,-0.678573244032675,0.0416167498618747,1
835,-0.660715919629407,0.039240807316014,1
836,-0.644644327666466,0.0369238857807067,1
837,-0.63017989489982,0.0346779404793007,1
838,-0.617161905409838,0.0325119453803688,1
839,-0.605445714868854,0.0304323698964303,1
840,-0.594901143381969,0.0284435900554758,1
841,-0.585411029043772,0.0265482424837479,1
842,-0.576869926139395,0.0247475285258108,0
843,-0.569182933525455,0.0230414749346237,0
844,-0.56226464017291,0.0214291567764159,0
845,-0.556038176155619,0.0199088875005034,0
846,-0.600434358540057,0.0134783805120092,0
847,-0.640390922686051,0.00813488604620887,0
848,-0.676351830417446,0.00372530666844849,0
849,-0.758716647375701,-0.00488370569422189,0
850,-0.832844982638131,-0.0118081686510427,0
851,-0.899560484374318,-0.0172989019595571,-1
852,-0.959604435936886,-0.0215734069198582,-1
853,-1.0636439923432,-0.0298200218685035,-1
854,-1.15727959310888,-0.0362015797582212,-2
855,-1.24155163379799,-0.0410086258513103,-2
856,-1.31739647041819,-0.0444922469281994,-2
857,-1.38565682337637,-0.0468690575311975,-2
858,-1.44709114103873,-0.0483255835443141,-3
859,-1.50238202693486,-0.0490221137794953,-3
860,-1.55214382424138,-0.0490960821321972,-3
861,-1.59692944181724,-0.0486650356765637,-3
862,-1.63723649763551,-0.047829237690735,-3
863,-1.67351284787196,-0.0466739489453063,-3
864,-1.70616156308477,-0.045271425572056,-3
865,-1.73554540677629,-0.0436826673840028,-3
866,-1.76199086609866,-0.0419589465778396,-2
867,-1.78579177948879,-0.0401431432590691,-2
868,-1.80721260153992,-0.0382709111382742,-2
869,-1.87649134138592,-0.0413716940090476,-2
870,-1.93884220724733,-0.0434696111942836,-3
871,-1.9949579865226,-0.0447342280023819,-3
872,-1.99546218787034,-0.0403112253369178,-2
873,-1.9959159690833,-0.0363254809245226,-2
874,-1.99632437217497,-0.0327337731412373,-2
875,-1.99669193495748,-0.0294971521053638,-2
876,-1.99702274146173,-0.0265805175452527,-2
877,-1.99732046731556,-0.0239522383761101,-2
878,-1.997588420584,-0.0215838098653435,-2
879,-1.9978295785256,-0.0194495446729692,-1
880,-1.99804662067304,-0.0175262944204163,-1
881,-1.99824195860574,-0.0157931987716442,-1
882,-1.99841776274516,-0.0142314593084224,-1
883,-1.99857598647065,-0.0128241357501286,-1
884,-1.99871838782358,-0.0115559623104093,-1
885,-1.94884654904122,-0.00541318220113252,-1
886,-1.9039618941371,-0.000383398490607023,0
887,-1.86356570472339,0.00369456029982469,0
888,-1.82720913425105,0.00696076131707615,0
889,-1.74448822082595,0.0145367765278791,0
890,-1.67003939874335,0.0205279810833506,0
891,-1.60303545886902,0.0251755769624491,0
892,-1.54273191298212,0.0286883738548943,0
893,-1.4884587216839,0.0312468555992261,0
894,-1.43961284951551,0.0330067572561425,0
895,-1.39565156456396,0.0341022100256834,1
896,-1.35608640810757,0.0346485046687547,1
897,-1.32047776729681,0.0347445182829548,1
898,-1.28842999056713,0.0344748441276275,1
899,-1.25958699151042,0.033911659620536,1
900,-1.23362829235937,0.0331163635735865,1
901,-1.21026546312344,0.0321410101398216,1
902,-1.18923891681109,0.0310295637570738,0
903,-1.12031502512998,0.0348189965494774,1
904,-1.00245517035529,0.0393690576574163,1
905,-1.00245517035529,0.0393690576574163,1
906,-0.952209653319758,0.0404567035952276,1
907,-0.906988687987783,0.0409331297689024,1
908,-0.866289819189004,0.04090970367189,1
909,-0.829660837270104,0.040481631496591,1
910,-0.796694753543093,0.039730076719633,1
911,-0.717025278188784,0.0437240165831006,1
912,-0.645322750369906,0.0465218677066784,2
913,-0.580790475332915,0.0483229084397096,2
914,-0.522711427799624,0.0492985223490678,2
915,-0.470440285019661,0.0495957843921573,2
916,-0.423396256517695,0.0493406088031381,2
917,-0.381056630865926,0.0486405104880013,2
918,-0.342950967779333,0.0475870257478604,2
919,-0.3086558710014,0.0462578328508677,2
920,-0.27779028390126,0.0447186082757949,2
921,-0.250011255511134,0.043024650287228,2
922,-0.22501012996002,0.0412222978136166,1
923,-0.202509116964018,0.0393501693318551,1
924,-0.182258205267617,0.0374402435683098,1
925,-0.164032384740855,0.035518801264155,1
926,-0.147629146266769,0.033607244985148,1
927,-0.132866231640092,0.0317228119493009,1
928,-0.119579608476083,0.0298791930707717,1
929,-0.0968594828656274,0.0263545793398946,1
930,-0.0968594828656274,0.0263545793398946,1
931,-0.0871735345790646,0.0246877162345614,1
932,-0.0784561811211582,0.0230906799568959,1
933,-0.0706105630090424,0.0215661737724179,1
934,-0.0635495067081381,0.0201156620252665,0
935,-0.0571945560373243,0.0187395908898213,0
936,-0.0514751004335919,0.0174375773612124,0
937,-0.0463275903902327,0.0162085706294271,0
938,-0.0416948313512094,0.0150509894703867,0
939,-0.0375253482160885,0.0139628388368601,0
940,-0.0337728133944796,0.012941808435335,0
941,-0.0303955320550317,0.0119853557257463,0
942,-0.0273559788495285,0.011090775473722,0
943,-0.0246203809645756,0.0102552577148451,0
944,-0.0721583428681181,0.00447593575300631,0
945,-0.114942508581306,-0.000250074393613137,0
946,-0.153448257723176,-0.00407564186843876,0
947,-0.188103431950858,-0.00713359510436313,0
948,-0.219293088755772,-0.00953920127441824,0
949,-0.247363779880195,-0.0113923502594187,0
950,-0.272627401892176,-0.0127794774346749,0
951,-0.295364661702958,-0.0137752556722856,0
952,-0.315828195532662,-0.0144440834880275,0
953,-0.334245375979396,-0.0148413931838981,0
954,-0.350820838381456,-0.0150148001057143,0
955,-0.365738754543311,-0.0150051117113283,0
956,-0.37916487908898,-0.0148472129947624,0
957,-0.391248391180082,-0.0145708429043964,0
958,-0.402123552062074,-0.0142012747021559,0
959,-0.411911196855866,-0.0137599117113196,0
960,-0.47072007717028,-0.018264808571629,-1
961,-0.523648069453252,-0.0217311269427633,-1
962,-0.571283262507926,-0.0243215335539544,-1
963,-0.614154936257134,-0.0261765475734797,-1
964,-0.65273944263142,-0.0274173434535604,-1
965,-0.687465498368278,-0.0281482146818902,-1
966,-0.71871894853145,-0.0284587382300184,-1
967,-0.746847053678305,-0.028425674921702,-1
968,-0.772162348310475,-0.0281146368927488,-1
969,-0.794946113479427,-0.0275815497203691,-1
970,-0.815451502131485,-0.026873933613538,-1
971,-0.833906351918336,-0.0260320252308693,-1
972,-0.900515716726503,-0.030089759188599,-1
973,-0.960464145053852,-0.0330756261024741,-2
974,-1.01441773054847,-0.0351634220416881,-2
975,-1.06297595749362,-0.0365029025320347,-2
976,-1.15667836174426,-0.042222852703895,-2
977,-1.24101052556983,-0.0464337838160629,-2
978,-1.31690947301285,-0.0493803001787583,-3
979,-1.38521852571156,-0.051273175430754,-3
980,-1.44669667314041,-0.0522936726305629,-3
981,-1.50202700582637,-0.0525973386361026,-3
982,-1.55182430524373,-0.0523173347142286,-3
983,-1.59664187471936,-0.0515673581903685,-3
984,-1.63697768724742,-0.0504442036241381,-3
985,-1.67327991852268,-0.04903000638925,-3
986,-1.70595192667041,-0.0473942065650982,-3
987,-1.73535673400337,-0.0455952666418843,-3
988,-1.76182106060303,-0.0436821726376622,-3
989,-1.78563895454273,-0.0416957447678656,-2
990,-1.80707505908846,-0.0396697807456518,-2
991,-1.82636755317961,-0.037632052080202,-2
992,-1.84373079786165,-0.0356051713403857,-2
993,-1.85935771807549,-0.0336073462277306,-2
994,-1.87342194626794,-0.0316530344242027,-2
995,-1.88607975164114,-0.0297535115191031,-2
996,-1.89747177647703,-0.0279173628507813,-2
997,-1.90772459882933,-0.0261509088009329,-2
998,-1.91695213894639,-0.0244585719325463,-2
999,-1.87525692505175,-0.0178431933498278,-1
1000,-1.83773123254658,-0.0123063047643275,-1
1001,-1.80395810929192,-0.00769836196242892,-1
1002,-1.77356229836273,-0.00388894467326683,-1
1003,-1.74620606852646,-0.000764427222312864,0
1004,-1.67158546167381,0.00677407618518298,0
1005,-1.60442691550643,0.0128125231834028,0
1006,-1.54398422395579,0.0175755400201268,0
1007,-1.48958580156021,0.021257828257672,0
1008,-1.44062722140419,0.0240279034475069,0
1009,-1.39656449926377,0.026031385316798,0
1010,-1.35690804933739,0.0273938917777559,0
1011,-1.32121724440365,0.0282235830933542,0
1012,-1.28909551996329,0.0286133972280553,0
1013,-1.26018596796696,0.0286430127048827,0
1014,-1.23416737117026,0.028380571114064,0
1015,-1.21075063405324,0.0278841877143602,0
1016,-1.18967557064791,0.0272032752834565,0
1017,-1.17070801358312,0.02637970346159,0
1018,-1.10363721222481,0.0304488132512622,1
1019,-0.993273491002328,0.0384403040483841,1
1020,-0.893946141902095,0.044529008553569,1
1021,-0.804551527711886,0.049015569117233,2
1022,-0.724096374940697,0.0521595274826286,2
1023,-0.651686737446628,0.0541845384837727,2
1024,-0.586518063701965,0.0552829520098617,2
1025,-0.527866257331768,0.0556198374458952,2
1026,-0.475079631598591,0.0553365162746234,2
1027,-0.427571668438732,0.0545536609631469,2
1028,-0.384814501594859,0.0533740115512196,2
1029,-0.346333051435373,0.0518847554120462,2
1030,-0.311699746291836,0.0501596103851953,2
1031,-0.280529771662652,0.0482606468095941,2
1032,-0.252476794496387,0.0462398798452612,2
1033,-0.177229115046748,0.049140659805699,2
1034,-0.109506203542073,0.0509988849755966,2
1035,-0.0485555831878661,0.0519940585134577,2
1036,0.00629997513092049,0.0522802084939906,2
1037,0.0556699776178284,0.0519891878932823,2
1038,0.100102979856046,0.0512335693277758,2
1039,0.190092681870441,0.0551091825964378,2
1040,0.271083413683397,0.0576973375180896,3
1041,0.343975072315057,0.0592167696294466,3
1042,0.409577565083552,0.0598553419433514,3
1043,0.468619808575196,0.0597740320981807,3
1044,0.521757827717677,0.0591104308026107,3
1045,0.569582044945909,0.0579818094451729,3
1046,0.612623840451318,0.0564878080511965,3
1047,0.651361456406186,0.0547127888415637,3
1048,0.686225310765568,0.0527278953933454,2
1049,0.717602779689011,0.0505928527463552,2
1050,0.74584250172011,0.0483575396748296,2
1051,0.771258251548099,0.0460633606901455,2
1052,0.794132426393289,0.04374444210565,2
1053,0.81471918375396,0.0414286736311521,2
1054,0.833247265378564,0.0391386144304973,2
1055,0.849922538840708,0.0368922803336619,2
1056,0.864930284956637,0.0347038269118886,2
1057,0.878437256460973,0.0325841413711334,2
1058,0.890593530814876,0.0305413546694103,1
1059,0.901534177733388,0.0285812838943205,1
1060,0.911380759960049,0.0267078137275546,1
1061,0.870242683964044,0.0199232247551987,1
1062,0.83321841556764,0.0142284754400383,1
1063,0.799896574010876,0.00947344374035811,0
1064,0.769906916609788,0.00552713362621354,0
1065,0.742916224948809,0.00227535109749429,0
1066,0.718624602453929,-0.000381346261743229,0
1067,0.646762142208536,-0.0075294576601082,0
1068,0.582085927987682,-0.0132441333161827,0
1069,0.523877335188914,-0.0177405792644413,0
1070,0.471489601670023,-0.0212052946898863,0
1071,0.42434064150302,-0.0237996612375979,0
1072,0.381906577352718,-0.0256631015288683,-1
1073,0.343715919617446,-0.0269158571495087,-1
1074,0.309344327655702,-0.0276614306307323,-1
1075,0.278409894890132,-0.027988730844216,-1
1076,0.250568905401118,-0.0279739567086958,-1
1077,0.225512014861007,-0.0276822500918374,-1
1078,0.182664732037415,-0.0264818388418864,-1
1079,0.182664732037415,-0.0264818388418864,-1
1080,0.164398258833674,-0.0256603022780719,-1
1081,0.147958432950306,-0.0247382546386014,-1
1082,0.133162589655276,-0.0237440135042444,-1
1083,0.119846330689748,-0.0227012380503727,-1
1084,0.0578616976207734,-0.0266295775522329,-1
1085,0.00207552785869605,-0.0295452367732173,-1
1086,-0.0481320249271736,-0.0316114683744826,-1
1087,-0.0933188224344562,-0.0329690012877626,-1
1088,-0.183986940191011,-0.0387389129346418,-2
1089,-0.26558824617191,-0.0430251522392675,-2
1090,-0.339029421554719,-0.0460667545536216,-2
1091,-0.405126479399247,-0.0480697848827123,-2
1092,-0.514613831459322,-0.0542115416004486,-2
1093,-0.61315244831339,-0.0586442491258105,-3
1094,-0.701837203482051,-0.0616482997300956,-3
1095,-0.781653483133846,-0.0634650977222655,-3
1096,-0.853488134820461,-0.0643020531187005,-3
1097,-0.918139321338415,-0.0643369664586258,-3
1098,-0.976325389204574,-0.0637218765993791,-3
1099,-1.07869285028412,-0.0675864350473954,-3
1100,-1.1708235652557,-0.0700408630398147,-4
1101,-1.25374120873013,-0.0713285410832762,-4
1102,-1.32836708785712,-0.0716582748876472,-4
1103,-1.39553037907141,-0.0712087765203113,-4
1104,-1.45597734116427,-0.0701325950775661,-4
1105,-1.51037960704784,-0.0685595621581668,-4
1106,-1.55934164634306,-0.0665998098718717,-4
1107,-1.60340748170875,-0.064346412421254,-3
1108,-1.64306673353788,-0.0618776963620411,-3
1109,-1.67876006018409,-0.0592592593904582,-3
1110,-1.71088405416568,-0.0565457328495715,-3
1111,-1.73979564874911,-0.0537823190229575,-3
1112,-1.7658160838742,-0.0510061306331707,-3
1113,-1.78923447548678,-0.0482473567311116,-3
1114,-1.8103110279381,-0.0455302763031326,-3
1115,-1.82927992514429,-0.0428741383934383,-3
1116,-1.84635193262986,-0.0402939253026516,-2
1117,-1.91171673936688,-0.0428010134460878,-3
1118,-1.97054506543019,-0.0444037447078103,-3
1119,-2.02349055888717,-0.0452579195827274,-3
1120,-2.07114150299845,-0.0454972220355829,-3
1121,-2.11402735269861,-0.0452360848020401,-3
1122,-2.15262461742875,-0.04457220279485,-3
1123,-2.13736215568587,-0.0385887363410776,-2
1124,-2.12362594011729,-0.0333562411501111,-2
1125,-2.11126334610556,-0.0287843576339271,-2
1126,-2.100137011495,-0.0247932884094788,-2
1127,-2.0901233103455,-0.0213125894535809,-2
1128,-2.08111097931095,-0.0182800974047678,-1
1129,-2.07299988137986,-0.0156409778711815,-1
1130,-2.06569989324187,-0.0133468812702648,-1
1131,-2.05912990391768,-0.0113551942108197,-1
1132,-2.05321691352591,-0.00962837575056085,-1
1133,-2.04789522217332,-0.00813336904024561,-1
1134,-2.04310569995599,-0.00684107991448783,-1
1135,-2.03879512996039,-0.00572591492347915,-1
1136,-2.03491561696435,-0.00476537213152729,-1
1137,-2.03142405526792,-0.00393967874873106,-1
1138,-2.02828164974113,-0.00323147032117878,-1
1139,-2.02545348476701,-0.00262550679164964,-1
1140,-2.02290813629031,-0.00210842126481455,-1
1141,-2.02061732266128,-0.00166849777542998,-1
1142,-2.01855559039515,-0.00129547477127417,-1
1143,-2.01670003135564,-0.000980371390195206,0
1144,-2.01503002822007,-0.000715333937619321,0
1145,-2.01352702539807,-0.000493500261656634,0
1146,-2.01217432285826,-0.000308879981510314,0
1147,-2.01095689057243,-0.0001562487547767,0
1148,-2.00986120151519,-3.10549735746742E-05,0
1149,-2.00887508136367,7.06625389347042E-05,0
1150,-2.0079875732273,0.000152347098677963,0
1151,-2.00718881590457,0.000216988121083204,0
1152,-1.95646993431412,0.00526717746802062,0
1153,-1.9108229408827,0.00930515906435972,0
1154,-1.86974064679443,0.0124828725667508,0
1155,-1.83276658211499,0.0149319917780201,0
1156,-1.74948992390349,0.021766458421368,0
1157,-1.67454093151314,0.0270847118182661,0
1158,-1.60708683836183,0.0311216499515709,0
1159,-1.54637815452565,0.0340803533400321,0
1160,-1.49174033907308,0.0361360995512853,1
1161,-1.44256630516577,0.0374398929868876,1
1162,-1.3983096746492,0.0381215667398566,1
1163,-1.35847870718428,0.0382925068123629,1
1164,-1.32263083646585,0.0380480432029693,1
1165,-1.29036775281926,0.0374695472473309,1
1166,-1.26133097753734,0.0366262700507904,1
1167,-1.1851978797836,0.0405769528210848,1
1168,-1.11667809180524,0.0433712363368123,1
1169,-1.05501028262472,0.0452008936211835,1
1170,-0.999509254362247,0.0462309070853124,1
1171,-0.999558328926022,0.0416029089204036,1
1172,-0.99960249603342,0.0374382013176235,1
1173,-0.999642246430078,0.0336904061461953,1
1174,-0.99967802178707,0.0303177879958766,1
1175,-0.999710219608363,0.0272827894141596,0
1176,-0.999739197647527,0.0245516126688273,0
1177,-0.999765277882774,0.0220938433784198,0
1178,-0.999788750094497,0.0198821118194056,0
1179,-0.949809875085047,0.02289178813841,0
1180,-0.904828887576542,0.0251007080754194,0
1181,-0.864345998818888,0.0266389261436429,0
1182,-0.827911398936999,0.0276184935174675,0
1183,-0.745120259043299,0.0331357581550908,1
1184,-0.67060823313897,0.0372733849300147,1
1185,-0.603547409825073,0.0402521287684029,1
1186,-0.543192668842565,0.0422623899898133,1
1187,-0.488873401958309,0.0434680776792577,1
1188,-0.439986061762478,0.044010003930915,1
1189,-0.39598745558623,0.0440088641554483,2
1190,-0.356388710027607,0.0435678522957657,2
1191,-0.320749839024846,0.0427749541664652,1
1192,-0.288674855122362,0.0417049571400672,1
1193,-0.259807369610126,0.0404212099772841,1
1194,-0.183826632649113,0.0439771626756569,2
1195,-0.115443969384202,0.0464177127345824,2
1196,-0.0538995724457815,0.0479303811549661,2
1197,0.00149038479879662,0.0486763387639273,2
1198,0.051341346318917,0.0487938010395466,2
1199,0.146207211687025,0.0534010074724028,2
1200,0.231586490518323,0.0565988346082923,2
1201,0.30842784146649,0.0586230862422798,3
1202,0.377585057319841,0.0596764992033869,3
1203,0.439826551587857,0.0599329987098498,3
1204,0.495843896429072,0.0595414333229863,3
1205,0.546259506786164,0.0586288510263969,3
1206,0.591633556107548,0.0573033708558956,3
1207,0.632470200496793,0.0556566982092306,3
1208,0.702300862402402,0.0516974619405345,2
1209,0.702300862402402,0.0516974619405345,2
1210,0.732070776162162,0.049504707122457,2
1211,0.758863698545946,0.0472335286485897,2
1212,0.782977328691351,0.0449215387982713,2
1213,0.804679595822216,0.0425996116315306,2
1214,0.824211636239995,0.0402928545101554,2
1215,0.841790472615995,0.0380214526967399,2
1216,0.857611425354396,0.035801402700906,2
1217,0.821850282818956,0.0286451481772714,1
1218,0.78966525453706,0.0225621305313547,1
1219,0.810698729083354,0.0224092649328486,1
1220,0.829628856175019,0.0220613511487302,1
1221,0.846665970557517,0.021558927472107,1
1222,0.861999373501765,0.0209363750193211,1
1223,0.875799436151589,0.0202227437823714,1
1224,0.88821949253643,0.0194424750426183,1
1225,0.899397543282787,0.0186160326129922,1
1226,0.909457788954508,0.0177604539188651,1
1227,0.918512010059057,0.0168898306374335,1
1228,0.926660809053152,0.0160157274730996,1
1229,0.933994728147836,0.0151475466352581,1
1230,0.940595255333053,0.0142928446902539,1
1231,0.946535729799748,0.013457607667898,1
1232,0.951882156819773,0.0126464896031107,1
1233,0.956693941137796,0.0118630190746019,1
1234,0.961024547024016,0.0111097777557638,1
1235,0.964922092321614,0.0103885545099473,0
1236,0.968429883089453,0.00970047813573639,0
1237,0.971586894780508,0.00904613149126822,0
1238,0.974428205302457,0.00842564939433633,0
1239,0.976985384772211,0.00783880240187813,0
1240,0.97928684629499,0.0072850683139682,0
1241,0.981358161665491,0.00676369301962148,0
1242,1.03322234549894,0.0112737421010044,1
1243,1.07990011094905,0.0148141444359146,1
1244,1.12191009985414,0.0175337288828326,1
1245,1.15971908986873,0.0195612549960079,1
1246,1.19374718088186,0.0210079385977199,1
1247,1.22437246279367,0.0219696729291293,1
1248,1.2519352165143,0.0225289810082797,1
1249,1.27674169486287,0.0227567307423087,1
1250,1.29906752537659,0.0227136407194491,1
1251,1.36916077283893,0.0274516013937383,2
1252,1.43224469555503,0.0310148335259752,2
1253,1.48902022599953,0.0335909032178273,2
1254,1.54011820339958,0.0353416106360493,2
1255,1.58610638305962,0.0364062675384486,2
1256,1.62749574475366,0.0369045769540075,2
1257,1.66474617027829,0.0369391618110702,2
1258,1.69827155325046,0.0365977839271803,2
1259,1.77844439792542,0.0409552900019576,2
1260,1.85059995813287,0.0440753170225077,3
1261,1.91553996231959,0.0461617857389282,3
1262,1.97398596608763,0.0473902075418395,3
1263,2.07658736947887,0.0529113271267792,3
1264,2.16892863253098,0.0568543207193126,3
1265,2.25203576927788,0.0594796023220716,4
1266,2.32683219235009,0.0610112843970856,4
1267,2.39414897311508,0.0616418340338761,4
1268,2.45473407580358,0.0615361608993377,4
1269,2.50926066822322,0.0608352040513682,4
1270,2.5583346014009,0.0596590769639992,4
1271,2.60250114126081,0.0581098232535903,4
1272,2.64225102713473,0.0562738295156231,4
1273,2.62802592442125,0.0492239362927136,3
1274,2.61522333197913,0.0430212834192297,3
1275,2.60370099878122,0.0375669217575154,3
1276,2.64333089890309,0.0377732195939518,3
1277,2.67899780901278,0.0375625886455256,3
1278,2.71109802811151,0.0370163516908452,3
1279,2.73998822530036,0.0362037362406457,3
1280,2.76598940277032,0.0351834803635775,3
1281,2.78939046249329,0.0340052382995166,3
1282,2.81045141624396,0.0327108098446321,2
1283,2.82940627461956,0.0313352146977293,2
1284,2.84646564715761,0.0299076304817607,2
1285,2.86181908244185,0.0284522109620086,2
1286,2.87563717419766,0.0269887990413893,2
1287,2.8880734567779,0.0255335473952738,2
1288,2.89926611110011,0.0240994580879674,2
1289,2.9093394999901,0.0226968511681696,2
1290,2.91840554999109,0.0213337710514517,2
1291,2.92656499499198,0.0200163384463956,2
1292,2.93390849549278,0.0187490546518363,2
1293,2.9405176459435,0.0175350642317249,2
1294,2.94646588134915,0.0163763813491174,2
1295,2.95181929321424,0.0152740844007141,2
1296,2.95663736389281,0.0142284830285004,2
1297,2.96097362750353,0.0132392610867222,2
1298,3.01487626475318,0.0173055987030147,2
1299,3.06338863827786,0.0204262761851814,2
1300,3.10704977445007,0.0227497621838847,2
1301,3.14634479700507,0.0244042882209955,2
1302,3.18171031730456,0.0255004114288453,2
1303,3.2135392855741,0.0261332671129151,2
1304,3.24218535701669,0.0263845475458826,2
1305,3.26796682131502,0.0263242392211274,2
1306,3.29117013918352,0.0260121470858644,2
1307,3.31205312526517,0.0254992309854427,2
1308,3.33084781273865,0.0248287766342467,2
1309,3.24776303146479,0.0140374208434355,2
1310,3.17298672831831,0.00515604844444409,1
1311,3.10568805548648,-0.0020894236831834,1
1312,3.04511924993783,-0.00793736186972983,1
1313,2.99060732494405,-0.0125948181821352,0
1314,2.94154659244964,-0.0162414096133621,0
1315,2.89739193320468,-0.0190327345765223,0
1316,2.85765273988421,-0.0211033804509168,0
1317,2.82188746589579,-0.0225695698046672,0
1318,2.78969871930621,-0.0235314874831584,0
1319,2.76072884737559,-0.0240753259279047,0
1320,2.73465596263803,-0.0242750818088701,0
1321,2.71119036637423,-0.0241941332543634,0
1322,2.7400713297368,-0.0188866235926693,0
1323,2.76606419676312,-0.0143986745307704,0
1324,2.78945777708681,-0.0106194490453246,0
1325,2.81051199937813,-0.0074520819116603,0
1326,2.82946079944032,-0.0048119937142756,1
1327,2.84651471949629,-0.00262540233725123,1
1328,2.86186324754666,-0.000828009298488975,1
1329,2.87567692279199,0.000636159155893339,1
1330,2.88810923051279,0.00181577401238409,1
1331,2.89929830746151,0.00275310430601774,1
1332,2.90936847671536,0.00348481080080082,1
1333,2.91843162904383,0.00404264495356713,1
1334,2.92658846613944,0.00445406416777215,1
1335,2.9339296195255,0.0047427730896005,1
1336,2.94053665757295,0.00492919958538548,1
1337,2.94648299181565,0.00503091305111746,1
1338,2.95183469263409,0.00506299182784917,1
1339,2.95665122337068,0.00503834571872336,1
1340,2.96098610103361,0.00496799891314424,1
1341,2.96488749093025,0.0048613380114937,1
1342,2.96839874183723,0.00472632930104181,1
1343,3.0215588676535,0.00956970895256538,1
1344,3.06940298088815,0.0133971493807738,2
1345,3.11246268279934,0.0163634046338149,2
1346,3.1512164145194,0.01860243734244,2
1347,3.18609477306746,0.020230029463002,2
1348,3.21748529576072,0.0213460787860271,2
1349,3.24573676618464,0.0220366179498173,2
1350,3.27116308956618,0.0223755884929891,2
1351,3.29404678060956,0.0224263987480284,2
1352,3.31464210254861,0.0222432910671299,2
1353,3.33317789229375,0.0218725409349309,2
1354,3.34986010306437,0.0213535079185003,2
1355,3.36487409275793,0.0207195560960066,2
1356,3.37838668348214,0.0199988595588266,2
1357,3.39054801513393,0.0192151067681225,2
1358,3.40149321362053,0.018388115939971,2
1359,3.41134389225848,0.0175343722097685,2
1360,3.42020950303263,0.0166674960662069,2
1361,3.42818855272937,0.0157986514292599,2
1362,3.43536969745643,0.0149369007590402,2
1363,3.44183272771079,0.0140895137085719,2
1364,3.44764945493971,0.0132622350606068,2
1365,3.45288450944574,0.012459517005149,2
1366,3.45759605850116,0.0116847202101767,2
1367,3.46565280738594,0.0102278943172222,2
1368,3.46565280738594,0.0102278943172222,2
1369,3.46908752664735,0.00954857681164053,2
1370,3.47217877398261,0.00890284386400299,2
1371,3.47496089658435,0.00829077173777653,2
1372,3.47746480692592,0.00771208559815535,2
1373,3.47971832623333,0.00716622896908064,1
1374,3.48174649360999,0.0066524228098393,1
1375,3.48357184424899,0.00616971559275544,1
1376,3.48521465982409,0.00571702559098997,1
1377,3.48669319384169,0.00529317643365004,1
1378,3.48802387445752,0.00489692685186819,1
1379,3.48922148701176,0.00452699542210618,1
1380,3.49029933831059,0.00418208100977791,1
1381,3.49126940447953,0.00386087952569423,1
1382,3.49214246403158,0.00356209752832952,1
1383,3.49292821762842,0.0032844631351808,1
1384,3.49363539586558,0.00302673464537854,1
1385,3.49427185627902,0.0027877072221849,1
1386,3.49484467065112,0.00256621793717623,1
1387,3.49536020358601,0.00236114943694743,1
1388,3.49582418322741,0.00217143245739263,1
1389,3.49624176490466,0.0019960473793793,1
1390,3.4966175884142,0.00183402499239472,1
1391,3.49695582957278,0.00168444660901329,1
1392,3.4972602466155,0.00154644365238416,1
1393,3.49753422195395,0.00141919682099074,1
1394,3.49778079975856,0.00130193491935215,1
1395,3.4980027197827,0.0011939334298314,1
1396,3.49820244780443,0.00109451288902124,1
1397,3.49838220302399,0.0010030371220748,1
1398,3.49854398272159,0.000918911379627466,1
1399,3.49868958444943,0.000841580414448837,1
1400,3.49882062600449,0.000770526528509681,1
1401,3.49893856340404,0.000705267615613836,1
1402,3.49904470706363,0.000645355220012091,1
1403,3.49914023635727,0.000590372627374525,1
1404,3.49922621272154,0.00053993300106436,1
1405,3.49930359144939,0.000493677573742487,1
1406,3.49937323230445,0.000451273901874328,1
1407,3.499435909074,0.00041241418864238,1
1408,3.4994923181666,0.000376813679038105,1
1409,3.49954308634994,0.000344209129468243,1
1410,3.49958877771495,0.000314357353021995,1
1411,3.49962989994345,0.000287033840570301,1
1412,3.49966690994911,0.000262031457078708,1
1413,3.4997002189542,0.000239159211879761,1
1414,3.49973019705878,0.000218241101149791,1
1415,3.4997571773529,0.000199115020447007,1
1416,3.49978145961761,0.000181631744873314,1
1417,3.49980331365585,0.000165653974209889,1
1418,3.49982298229026,0.000151055440230394,1
1419,3.49984068406124,0.000137720073304704,1
1420,3.49985661565511,0.000125541225361847,1
1421,3.4998709540896,0.000114420946274524,1
1422,3.49988385868064,0.000104269310751047,1
1423,3.49989547281258,9.50037928695154E-05,1
1424,3.49990592553132,8.65486854567754E-05,1
