ultra1,ultra2,ultra3,ultra4,ultra5,closest_obstacle
1570,2000,2000,2000,2000,1570
1570,2000,2000,2000,2000,1570
1570,2000,2000,2000,2000,1570
1570,2000,2000,2000,2000,1570
1570,2000,2000,2000,2000,1570
1570,2000,2000,2000,2000,1570
1570,2000,2000,2000,2000,1570
1570,2000,2000,2000,2000,1570
1570,2000,2000,2000,2000,1570
1570,2000,2000,2000,2000,1570
1570,2000,2000,2000,2000,1570
1570,2000,2000,2000,2000,1570
1570,2000,2000,2000,2000,1570
1570,2000,2000,2000,2000,1570
1570,2000,2000,2000,2000,1570
1570,2000,2000,2000,2000,1570
1570,2000,2000,2000,2000,1570
1570,2000,2000,2000,2000,1570
1570,2000,2000,2000,2000,1570
1570,2000,2000,2000,2000,1570
1570,2000,2000,2000,2000,1570
1570,2000,2000,2000,2000,1570
1570,2000,2000,2000,2000,1570
1570,2000,2000,2000,2000,1570
1570,2000,2000,2000,2000,1570
1570,2000,2000,2000,2000,1570
1570,2000,2000,2000,2000,1570
1570,2000,2000,2000,2000,1570
1570,2000,2000,2000,2000,1570
1570,2000,2000,2000,2000,1570
1570,2000,2000,2000,2000,1570
1570,2000,2000,2000,2000,1570
1570,2000,2000,2000,2000,1570
1570,2000,2000,2000,2000,1570
1570,2000,2000,2000,2000,1570
1570,2000,2000,2000,2000,1570
1570,2000,2000,2000,2000,1570
1570,2000,2000,2000,2000,1570
1570,2000,2000,2000,2000,1570
1570,2000,2000,2000,2000,1570
1570,2000,2000,2000,2000,1570
1570,2000,2000,2000,2000,1570
1570,2000,2000,2000,2000,1570
1570,2000,2000,2000,2000,1570
1570,2000,2000,2000,2000,1570
1570,2000,2000,2000,2000,1570
1570,2000,2000,2000,2000,1570
1570,2000,2000,2000,2000,1570
1570,2000,2000,2000,2000,1570
1570,2000,2000,2000,2000,1570
1570,2000,2000,2000,2000,1570
1570,2000,2000,2000,2000,1570
1570,2000,2000,2000,2000,1570
1570,2000,2000,2000,2000,1570
1570,2000,2000,2000,2000,1570
1570,2000,2000,2000,2000,1570
1570,2000,2000,2000,2000,1570
1570,2000,2000,2000,2000,1570
1570,2000,2000,2000,2000,1570
1570,2000,2000,2000,2000,1570
1570,2000,2000,2000,2000,1570
1570,2000,2000,2000,2000,1570
1570,2000,2000,2000,2000,1570
1570,2000,2000,2000,2000,1570
1570,2000,2000,2000,2000,1570
1570,2000,2000,2000,2000,1570
1570,2000,2000,2000,2000,1570
1570,2000,2000,2000,2000,1570
1570,2000,2000,2000,2000,1570
1570,2000,2000,2000,2000,1570
1570,2000,2000,2000,2000,1570
1570,2000,2000,2000,2000,1570
1570,2000,2000,2000,2000,1570
1570,2000,2000,2000,2000,1570
1570,2000,2000,2000,2000,1570
1570,2000,2000,2000,2000,1570
1570,2000,2000,2000,2000,1570
1570,2000,2000,2000,2000,1570
1570,2000,2000,2000,2000,1570
1570,2000,2000,2000,2000,1570
1570,2000,2000,2000,2000,1570
1570,2000,2000,2000,1760,1570
1570,2000,2000,2000,1760,1570
1570,2000,2000,2000,1760,1570
1570,2000,2000,2000,1760,1570
1570,2000,2000,2000,1760,1570
1570,2000,2000,2000,1760,1570
1570,2000,2000,2000,1760,1570
1570,2000,2000,2000,1760,1570
1570,2000,2000,2000,1760,1570
1570,2000,2000,2000,1760,1570
1570,2000,2000,2000,1760,1570
1570,2000,2000,2000,1760,1570
1570,2000,2000,2000,1760,1570
1570,2000,2000,2000,1760,1570
1570,2000,2000,2000,1760,1570
1570,2000,2000,2000,1760,1570
1570,2000,2000,2000,1760,1570
1570,2000,2000,2000,1760,1570
1570,2000,2000,2000,1760,1570
1570,2000,2000,2000,1760,1570
1570,2000,2000,2000,1760,1570
1570,2000,2000,2000,1760,1570
1570,2000,2000,2000,1760,1570
1570,2000,2000,2000,1760,1570
1570,2000,2000,2000,1760,1570
1570,2000,2000,2000,1760,1570
1570,2000,2000,2000,1760,1570
1570,2000,2000,2000,1760,1570
1570,2000,2000,2000,1760,1570
1570,2000,2000,2000,1760,1570
1570,2000,2000,2000,1760,1570
1570,2000,2000,2000,1760,1570
1570,2000,2000,2000,1760,1570
1570,2000,2000,2000,1760,1570
1570,2000,2000,2000,1760,1570
1570,2000,2000,2000,1760,1570
1570,2000,2000,2000,1760,1570
1570,2000,2000,2000,1760,1570
1570,2000,2000,2000,1760,1570
1570,2000,2000,2000,1760,1570
1570,2000,2000,2000,1760,1570
1570,2000,2000,2000,1760,1570
1570,2000,2000,2000,1760,1570
1570,2000,2000,2000,1760,1570
1570,2000,2000,2000,1760,1570
1570,2000,2000,2000,1760,1570
1570,2000,2000,2000,1760,1570
1570,2000,2000,2000,1760,1570
1570,2000,2000,2000,2000,1570
1570,2000,2000,2000,2000,1570
1570,2000,2000,2000,2000,1570
1570,2000,2000,2000,2000,1570
1570,2000,2000,2000,2000,1570
1570,2000,2000,2000,2000,1570
1570,2000,2000,2000,2000,1570
1570,2000,2000,2000,2000,1570
1570,2000,2000,2000,2000,1570
1570,2000,2000,2000,2000,1570
1570,2000,2000,2000,2000,1570
1570,2000,2000,2000,2000,1570
1570,2000,2000,2000,2000,1570
1570,2000,2000,2000,2000,1570
1570,2000,2000,2000,2000,1570
1570,2000,2000,2000,2000,1570
1570,2000,2000,2000,2000,1570
1570,2000,2000,2000,2000,1570
1570,2000,2000,2000,2000,1570
1570,904,2000,2000,2000,904
1570,904,2000,2000,2000,904
1570,904,2000,2000,2000,904
1570,904,2000,2000,2000,904
1570,904,2000,2000,2000,904
1570,904,2000,2000,2000,904
1570,904,2000,2000,2000,904
1570,904,2000,2000,2000,904
1570,904,2000,2000,2000,904
1570,904,2000,2000,2000,904
1570,904,2000,2000,2000,904
1570,904,2000,2000,2000,904
1570,904,2000,2000,2000,904
1570,904,2000,2000,2000,904
1570,904,2000,2000,2000,904
1570,904,2000,2000,2000,904
1570,904,2000,2000,2000,904
1570,904,2000,2000,2000,904
1570,904,2000,2000,2000,904
1570,904,2000,2000,2000,904
1570,904,2000,2000,2000,904
1570,904,2000,2000,2000,904
1570,904,2000,2000,2000,904
1570,904,2000,2000,2000,904
1570,904,2000,2000,2000,904
1570,904,2000,2000,2000,904
1570,904,2000,2000,2000,904
1570,904,2000,2000,2000,904
1570,904,2000,2000,2000,904
1570,904,2000,2000,2000,904
1570,904,2000,2000,2000,904
1570,904,2000,2000,2000,904
1570,904,2000,2000,2000,904
1570,904,2000,2000,2000,904
1570,904,2000,2000,2000,904
1570,904,2000,2000,2000,904
1570,904,2000,2000,2000,904
1570,904,2000,2000,2000,904
1570,904,2000,2000,2000,904
1570,904,2000,2000,2000,904
1570,904,2000,2000,2000,904
1570,904,2000,2000,2000,904
1570,904,2000,2000,2000,904
1570,904,2000,2000,2000,904
1570,904,2000,2000,2000,904
1570,904,2000,2000,2000,904
1570,904,2000,2000,2000,904
1570,904,2000,2000,2000,904
1570,904,2000,2000,2000,904
1570,904,2000,2000,2000,904
1570,904,2000,2000,2000,904
1570,904,2000,2000,2000,904
1570,904,2000,2000,2000,904
1570,904,2000,2000,2000,904
1570,904,2000,2000,2000,904
1570,904,2000,2000,2000,904
1570,904,2000,2000,2000,904
1570,904,2000,2000,2000,904
1570,904,2000,2000,2000,904
1570,904,2000,2000,2000,904
1570,904,2000,2000,2000,904
1570,904,2000,2000,2000,904
1570,904,2000,2000,2000,904
1570,904,2000,2000,2000,904
1570,904,2000,2000,2000,904
1570,904,2000,2000,2000,904
1570,904,2000,2000,2000,904
1570,904,2000,2000,2000,904
1570,904,2000,2000,2000,904
1570,904,2000,2000,2000,904
1570,904,2000,2000,2000,904
1570,904,2000,2000,2000,904
1570,904,2000,2000,2000,904
1570,904,2000,2000,2000,904
1570,904,2000,2000,2000,904
1570,904,2000,2000,2000,904
1570,904,2000,2000,2000,904
1570,904,2000,2000,759,759
1570,904,2000,2000,759,759
1570,904,2000,2000,759,759
1570,904,2000,2000,759,759
1570,904,2000,2000,759,759
1570,904,2000,2000,759,759
1570,904,2000,2000,759,759
1570,904,2000,2000,759,759
1570,904,2000,2000,759,759
1570,904,2000,2000,759,759
1570,904,2000,2000,759,759
1570,904,2000,2000,759,759
1570,904,2000,2000,759,759
1570,904,2000,2000,759,759
1570,904,2000,2000,759,759
1570,904,2000,2000,759,759
1570,904,2000,2000,759,759
1570,904,2000,2000,759,759
1570,904,2000,2000,759,759
1570,1094,2000,2000,759,759
1570,1094,2000,2000,759,759
1570,1094,2000,2000,759,759
1570,1094,2000,2000,759,759
1570,1094,2000,2000,759,759
1570,1094,2000,2000,759,759
1570,1094,2000,2000,759,759
1570,1094,2000,2000,759,759
1570,1094,2000,2000,759,759
1570,1094,2000,2000,759,759
1570,1094,2000,2000,759,759
1570,1094,2000,2000,759,759
1570,1094,2000,2000,759,759
1570,1094,2000,2000,759,759
1570,1094,2000,2000,759,759
1570,1094,2000,2000,759,759
1570,1094,2000,2000,759,759
1570,1094,2000,2000,759,759
1570,1094,2000,1187,759,759
1570,1094,2000,1187,759,759
1570,1094,2000,1187,759,759
1570,1094,2000,1187,759,759
1570,1094,2000,1187,759,759
1570,1094,2000,1187,759,759
1570,1094,2000,1187,759,759
1570,1094,2000,1187,759,759
1570,1094,2000,1187,759,759
1570,1094,2000,1187,759,759
1570,1094,2000,1187,759,759
1570,1094,2000,1187,759,759
1570,1094,2000,1187,759,759
1570,1094,2000,1187,759,759
1570,1094,2000,1187,759,759
1570,1094,2000,1187,759,759
1570,1094,2000,1187,759,759
1570,1094,2000,1187,759,759
1570,1094,2000,1187,759,759
1570,1094,2000,1187,759,759
1570,1094,2000,1187,759,759
1570,1094,2000,1187,759,759
1570,1094,2000,1187,759,759
1570,1094,2000,1187,759,759
1570,1094,2000,1187,759,759
1570,1094,2000,1187,759,759
1570,1094,2000,1187,759,759
1570,1094,2000,1187,759,759
1570,1094,2000,1187,759,759
1570,1094,2000,1187,759,759
1570,1094,2000,1187,759,759
1570,829,2000,1187,759,759
1570,829,2000,1187,759,759
1570,829,2000,1187,759,759
1570,829,2000,1187,759,759
1570,829,2000,1187,759,759
1570,829,2000,1187,759,759
1570,829,2000,1187,759,759
1570,829,2000,1187,759,759
1570,829,2000,1187,759,759
1570,829,2000,1187,759,759
1570,829,2000,1187,759,759
1570,829,2000,1187,759,759
1570,829,2000,1187,759,759
1570,829,2000,1187,759,759
1570,829,2000,1187,759,759
1570,829,2000,1187,759,759
1570,829,2000,1187,759,759
1570,829,2000,1187,759,759
1570,829,2000,1187,759,759
1570,829,2000,1187,759,759
1570,829,2000,1187,759,759
1570,829,2000,1187,759,759
1570,829,2000,1187,759,759
1570,829,2000,1187,759,759
1570,829,2000,1187,759,759
1570,829,2000,1187,759,759
1570,829,2000,1187,759,759
1570,829,2000,1187,759,759
1570,829,2000,1187,2000,829
1570,829,2000,1187,2000,829
1570,829,2000,1187,2000,829
1570,829,2000,1187,2000,829
1570,829,2000,1187,2000,829
1570,829,2000,1187,2000,829
1570,829,2000,1187,2000,829
1570,829,2000,1187,2000,829
1570,829,2000,1187,2000,829
1570,829,2000,1187,2000,829
1570,829,2000,1187,2000,829
1570,829,2000,1187,2000,829
1570,829,2000,1187,2000,829
1570,829,2000,1187,2000,829
1570,829,2000,1187,2000,829
1570,829,2000,1187,2000,829
1570,829,2000,1187,2000,829
1570,829,2000,1187,2000,829
1570,829,2000,1187,2000,829
1570,829,2000,1187,2000,829
1570,2000,2000,1187,2000,1187
1570,2000,2000,1187,2000,1187
1570,2000,2000,1187,2000,1187
1570,2000,2000,1187,2000,1187
1570,2000,2000,1187,2000,1187
1570,2000,2000,1187,2000,1187
1570,2000,2000,1187,2000,1187
1570,2000,2000,1187,2000,1187
1570,2000,2000,1187,2000,1187
1570,2000,2000,1187,2000,1187
1570,2000,2000,1187,2000,1187
1570,2000,2000,1187,2000,1187
1570,2000,2000,1187,2000,1187
1570,2000,2000,1187,2000,1187
1570,2000,2000,1187,2000,1187
1570,2000,2000,1187,2000,1187
1570,2000,2000,1187,2000,1187
1570,2000,2000,1187,2000,1187
1570,2000,2000,1187,2000,1187
1570,2000,2000,1187,2000,1187
1570,2000,2000,2000,2000,1570
1570,2000,2000,2000,2000,1570
1570,2000,2000,2000,2000,1570
1570,2000,2000,2000,2000,1570
1570,2000,2000,2000,2000,1570
1570,2000,2000,2000,2000,1570
1570,2000,2000,2000,2000,1570
1570,2000,2000,2000,2000,1570
1570,2000,2000,2000,2000,1570
1570,2000,2000,2000,2000,1570
1570,2000,2000,2000,2000,1570
1570,2000,2000,2000,2000,1570
1570,2000,2000,2000,2000,1570
1570,2000,2000,2000,2000,1570
1570,2000,2000,2000,2000,1570
1570,2000,2000,2000,2000,1570
1570,2000,2000,2000,2000,1570
1570,2000,2000,2000,2000,1570
1570,2000,2000,2000,2000,1570
1570,2000,2000,2000,2000,1570
1570,2000,2000,2000,2000,1570
1570,2000,2000,2000,2000,1570
1570,2000,2000,2000,2000,1570
1570,2000,2000,2000,2000,1570
1570,2000,2000,2000,2000,1570
1570,2000,2000,2000,2000,1570
1570,2000,2000,2000,2000,1570
1570,2000,2000,2000,2000,1570
1570,2000,2000,2000,2000,1570
1570,1036,2000,2000,2000,1036
1570,1036,2000,2000,2000,1036
1570,1036,2000,2000,2000,1036
1570,1036,2000,2000,2000,1036
1570,1036,2000,2000,2000,1036
1570,1036,2000,2000,2000,1036
1570,1036,2000,2000,2000,1036
1570,1036,2000,2000,2000,1036
1570,1036,2000,2000,2000,1036
1570,1036,2000,2000,2000,1036
1570,1036,2000,2000,2000,1036
1570,1036,2000,2000,2000,1036
1570,1036,2000,2000,2000,1036
1570,1036,2000,2000,2000,1036
1570,1036,2000,2000,2000,1036
1570,1036,2000,2000,2000,1036
1570,1036,2000,2000,2000,1036
1570,1036,2000,2000,2000,1036
1570,1036,2000,2000,2000,1036
1570,1036,2000,2000,2000,1036
1570,1036,2000,2000,2000,1036
1570,1036,2000,2000,2000,1036
1570,1036,2000,2000,2000,1036
1570,1036,2000,2000,2000,1036
1570,1036,2000,2000,2000,1036
1570,1036,2000,2000,2000,1036
1570,1036,2000,2000,2000,1036
1570,1036,2000,2000,2000,1036
1570,1036,2000,2000,2000,1036
1570,1036,2000,2000,2000,1036
1570,1036,2000,2000,2000,1036
1570,1036,2000,2000,2000,1036
1570,1036,2000,2000,2000,1036
1570,1036,2000,2000,2000,1036
1570,1036,2000,2000,2000,1036
1570,1036,2000,2000,2000,1036
1570,1036,2000,2000,2000,1036
1570,1036,2000,2000,2000,1036
1570,1036,2000,2000,2000,1036
1570,1036,2000,2000,2000,1036
1570,1036,2000,2000,2000,1036
1570,1036,2000,2000,2000,1036
1570,1036,2000,2000,2000,1036
1570,1036,2000,2000,2000,1036
1570,1036,2000,2000,2000,1036
1570,1036,2000,2000,2000,1036
1570,1036,2000,2000,2000,1036
1570,1036,2000,2000,2000,1036
1570,2000,2000,2000,2000,1570
1570,2000,2000,2000,2000,1570
1570,2000,2000,2000,2000,1570
1570,2000,2000,2000,2000,1570
1570,2000,2000,2000,2000,1570
1570,2000,2000,2000,2000,1570
1570,2000,2000,2000,2000,1570
1570,2000,2000,2000,2000,1570
1570,2000,2000,2000,2000,1570
1570,2000,2000,2000,2000,1570
1570,2000,2000,2000,2000,1570
1570,2000,2000,2000,2000,1570
1570,2000,2000,2000,2000,1570
1570,2000,2000,2000,2000,1570
1570,2000,2000,2000,2000,1570
1570,2000,2000,2000,2000,1570
1570,2000,2000,2000,2000,1570
1570,2000,2000,2000,2000,1570
1570,2000,2000,2000,2000,1570
1570,2000,2000,2000,2000,1570
1570,2000,2000,2000,2000,1570
1570,2000,2000,1777,2000,1570
1570,2000,2000,1777,2000,1570
1570,2000,2000,1777,2000,1570
1570,2000,2000,1777,2000,1570
1570,2000,2000,1777,2000,1570
1570,2000,2000,1777,2000,1570
1570,2000,2000,1777,2000,1570
1570,2000,2000,1777,2000,1570
1570,2000,2000,1777,2000,1570
1570,2000,2000,1777,2000,1570
1570,2000,2000,1777,2000,1570
1570,2000,2000,1777,1619,1570
1570,2000,2000,1777,1619,1570
1570,2000,2000,1777,1619,1570
1570,2000,2000,1777,1619,1570
1570,2000,2000,1777,1619,1570
1570,2000,2000,1777,1619,1570
1570,2000,2000,1777,1619,1570
1570,2000,2000,1777,1619,1570
1570,2000,2000,1777,1619,1570
1570,2000,2000,1777,1619,1570
1570,2000,2000,1777,1619,1570
1570,2000,2000,1777,1619,1570
1570,2000,2000,1777,1619,1570
1570,2000,2000,1777,1619,1570
1570,2000,2000,1777,1619,1570
1570,2000,2000,1777,1619,1570
1570,2000,2000,1777,1619,1570
1570,2000,2000,1777,1619,1570
1570,2000,2000,1777,1619,1570
1570,2000,2000,1777,1619,1570
1570,2000,2000,1777,1619,1570
1570,2000,2000,1777,1619,1570
1570,2000,2000,1777,1619,1570
1570,2000,2000,1777,1619,1570
1570,2000,2000,1777,1619,1570
1570,2000,2000,1777,1619,1570
1570,2000,2000,1777,1619,1570
1570,2000,2000,1777,1619,1570
1570,2000,2000,1777,1619,1570
1570,2000,2000,1777,1619,1570
1570,2000,2000,1777,1619,1570
1570,2000,2000,1777,1619,1570
1570,2000,2000,1777,1619,1570
1570,2000,2000,1777,1619,1570
1570,2000,2000,1777,1619,1570
1570,2000,2000,1777,1619,1570
1570,2000,2000,1777,1619,1570
1570,2000,2000,1777,1619,1570
1570,2000,2000,1777,1619,1570
1570,2000,2000,1777,1619,1570
1570,2000,2000,1738,1619,1570
1570,2000,2000,1738,1619,1570
1570,2000,2000,1738,1619,1570
1570,2000,2000,1738,1619,1570
1570,2000,2000,1738,1619,1570
1570,2000,2000,1738,1619,1570
1570,2000,2000,1738,1619,1570
1570,2000,2000,1738,1619,1570
1570,2000,2000,1738,1619,1570
1570,2000,2000,1738,1619,1570
1570,2000,2000,1738,2000,1570
1570,2000,2000,1738,2000,1570
1570,2000,2000,1738,2000,1570
1570,2000,2000,1738,2000,1570
1570,2000,2000,1738,2000,1570
1570,2000,2000,1738,2000,1570
1570,2000,2000,1738,2000,1570
1570,2000,2000,1738,2000,1570
1570,2000,2000,1738,2000,1570
1570,2000,2000,1738,2000,1570
1570,2000,2000,1738,2000,1570
1570,2000,2000,1738,2000,1570
1570,2000,2000,1738,2000,1570
1570,2000,2000,1738,2000,1570
1570,2000,2000,1738,2000,1570
1570,2000,2000,1738,2000,1570
1570,2000,2000,1738,2000,1570
1570,2000,2000,1738,2000,1570
1570,2000,2000,1738,2000,1570
1570,2000,2000,1738,2000,1570
1570,2000,2000,1738,2000,1570
1570,2000,2000,1738,2000,1570
1570,2000,2000,1738,2000,1570
1570,2000,2000,1738,2000,1570
1570,2000,2000,1738,2000,1570
1570,2000,2000,1738,2000,1570
1570,2000,2000,1738,2000,1570
1570,2000,2000,1738,2000,1570
1570,2000,1340,1738,2000,1340
1570,2000,1340,1738,2000,1340
1570,2000,1340,1738,2000,1340
1570,2000,1340,1738,2000,1340
1570,2000,1340,1738,2000,1340
1570,2000,1340,1738,2000,1340
1570,2000,1340,1738,2000,1340
1570,2000,1340,1738,2000,1340
1570,2000,1340,1738,2000,1340
1570,2000,1340,1738,2000,1340
1570,2000,1340,1268,2000,1268
1570,2000,1340,1268,2000,1268
1570,2000,1340,1268,2000,1268
1570,2000,1340,1268,2000,1268
1570,2000,1340,1268,2000,1268
1570,2000,1340,1268,2000,1268
1570,2000,1340,1268,2000,1268
1570,2000,1340,1268,2000,1268
1570,2000,1340,1268,2000,1268
1570,2000,1340,1268,2000,1268
1570,2000,1340,1268,2000,1268
1570,2000,1340,1268,2000,1268
1570,2000,1340,1268,2000,1268
1570,2000,1340,1268,2000,1268
1570,2000,1340,1268,2000,1268
1570,2000,1340,1268,2000,1268
1570,2000,1340,1268,2000,1268
1570,2000,1340,1268,2000,1268
1570,2000,1340,1268,2000,1268
1570,2000,1340,1268,2000,1268
1570,2000,1340,1268,2000,1268
1570,958,1340,1268,2000,958
1570,958,1340,1268,2000,958
1570,958,1340,1268,2000,958
1570,958,1340,1268,2000,958
1570,958,1340,1268,2000,958
1570,958,1340,1268,2000,958
1570,958,1340,1268,2000,958
1570,958,1340,1268,2000,958
1570,958,1340,1268,2000,958
1570,958,1340,1268,2000,958
1570,958,1340,1268,2000,958
1570,958,1340,1268,2000,958
1570,958,2000,1268,2000,958
1570,958,2000,1268,2000,958
1570,958,2000,1268,2000,958
1570,958,2000,1268,2000,958
1570,958,2000,1268,2000,958
1570,958,2000,1268,2000,958
1570,958,2000,1268,2000,958
1570,958,2000,1268,2000,958
1570,958,2000,1268,2000,958
1570,958,2000,1268,2000,958
1570,958,2000,1101,2000,958
1570,958,2000,1101,2000,958
1570,958,2000,1101,2000,958
1570,958,2000,1101,2000,958
1570,958,2000,1101,2000,958
1570,958,2000,1101,2000,958
1570,958,2000,1101,2000,958
1570,958,2000,1101,2000,958
1570,958,2000,1101,2000,958
1570,958,2000,1101,2000,958
1570,958,2000,1101,2000,958
1570,958,2000,1101,2000,958
1570,958,2000,1101,2000,958
1570,958,2000,1101,2000,958
1570,958,2000,1101,2000,958
1570,958,2000,1101,2000,958
1570,958,2000,1101,2000,958
1570,958,2000,1101,2000,958
1570,958,2000,1101,2000,958
1570,958,2000,1101,2000,958
1570,958,2000,1101,2000,958
1570,958,2000,1101,2000,958
1570,958,2000,1101,2000,958
1570,958,2000,1101,2000,958
1570,958,2000,1101,2000,958
1570,958,2000,1101,2000,958
1570,958,2000,1101,2000,958
1570,958,2000,1101,2000,958
1570,958,2000,1101,2000,958
1570,2000,2000,1101,2000,1101
1570,2000,2000,1101,2000,1101
1570,2000,2000,1101,2000,1101
1570,2000,2000,1101,2000,1101
1570,2000,2000,1101,2000,1101
1570,2000,2000,1101,2000,1101
1570,2000,2000,1101,2000,1101
1570,2000,2000,1101,2000,1101
1570,2000,2000,1101,2000,1101
1570,2000,2000,1101,2000,1101
1570,2000,2000,1101,2000,1101
1570,2000,2000,1101,2000,1101
1570,2000,2000,1101,2000,1101
1570,2000,2000,1101,2000,1101
1570,2000,2000,1101,2000,1101
1570,2000,2000,1101,2000,1101
1570,2000,2000,1101,2000,1101
1570,2000,2000,1101,2000,1101
1570,2000,2000,1101,2000,1101
1570,2000,2000,2000,2000,1570
1570,2000,2000,2000,2000,1570
1570,2000,2000,2000,2000,1570
1570,2000,2000,2000,2000,1570
1570,2000,2000,2000,2000,1570
1570,2000,2000,2000,2000,1570
1570,2000,2000,2000,2000,1570
1570,2000,2000,2000,2000,1570
1570,2000,2000,2000,2000,1570
1570,2000,2000,2000,2000,1570
1570,2000,2000,2000,1487,1487
1570,2000,2000,2000,1487,1487
1570,2000,2000,2000,1487,1487
1570,2000,2000,2000,1487,1487
1570,2000,2000,2000,1487,1487
1570,2000,2000,2000,1487,1487
1570,2000,2000,2000,1487,1487
1570,2000,2000,2000,1487,1487
1570,2000,2000,2000,1487,1487
1570,2000,2000,2000,1487,1487
1570,2000,2000,2000,1487,1487
1570,2000,2000,2000,1487,1487
1570,2000,2000,2000,1487,1487
1570,2000,2000,2000,1487,1487
1570,2000,2000,2000,1487,1487
1570,2000,2000,2000,1487,1487
1570,2000,2000,2000,1487,1487
1570,2000,2000,2000,1487,1487
1570,2000,2000,2000,1487,1487
1570,2000,2000,2000,1487,1487
1570,2000,2000,2000,1487,1487
1570,1549,2000,2000,1487,1487
1570,1549,2000,2000,1487,1487
1570,1549,2000,2000,1487,1487
1570,1549,2000,2000,1487,1487
1570,1549,2000,2000,1487,1487
1570,1549,2000,2000,1487,1487
1570,1549,2000,2000,1487,1487
1570,1549,2000,2000,1487,1487
1570,1549,2000,2000,1487,1487
1570,1549,2000,2000,1487,1487
1570,1549,2000,2000,1487,1487
1570,1549,2000,2000,1487,1487
1570,1549,2000,2000,1487,1487
1570,1549,2000,2000,1487,1487
1570,1549,2000,2000,1487,1487
1570,1549,2000,2000,1487,1487
1570,1549,2000,2000,1487,1487
1570,1549,2000,2000,1487,1487
1570,1549,2000,2000,1487,1487
1570,1549,2000,1361,1487,1361
1570,1549,2000,1361,1487,1361
1570,1549,2000,1361,1487,1361
1570,1549,2000,1361,1487,1361
1570,1549,2000,1361,1487,1361
1570,1549,2000,1361,1487,1361
1570,1549,2000,1361,1487,1361
1570,1549,2000,1361,1487,1361
1570,1549,2000,1361,1487,1361
1570,1549,2000,1361,2000,1361
1570,1549,2000,1361,2000,1361
1570,1549,2000,1361,2000,1361
1570,1549,2000,1361,2000,1361
1570,1549,2000,1361,2000,1361
1570,1549,2000,1361,2000,1361
1570,1549,2000,1361,2000,1361
1570,1549,2000,1361,2000,1361
1570,1549,2000,1361,2000,1361
1570,1549,2000,1361,2000,1361
1019,1549,2000,1361,2000,1019
1019,1549,2000,1361,2000,1019
1019,1549,2000,1361,2000,1019
1019,1549,2000,1361,2000,1019
1019,1549,2000,1361,2000,1019
1019,1549,2000,1361,2000,1019
1019,1549,2000,1361,2000,1019
1019,1549,2000,1361,2000,1019
1019,1549,2000,1361,2000,1019
1019,1549,2000,1361,2000,1019
1019,2000,2000,1361,2000,1019
1019,2000,2000,1361,2000,1019
1019,2000,2000,1361,2000,1019
1019,2000,2000,1361,2000,1019
1019,2000,2000,1361,2000,1019
1019,2000,2000,1361,2000,1019
1019,2000,2000,1361,2000,1019
1019,2000,2000,1361,2000,1019
1019,2000,2000,1361,2000,1019
1019,2000,2000,1361,2000,1019
1019,2000,2000,1361,2000,1019
1019,2000,2000,1361,2000,1019
1019,2000,2000,1361,2000,1019
1019,2000,2000,1361,2000,1019
1019,2000,2000,1361,2000,1019
1019,2000,2000,1361,2000,1019
1019,2000,2000,1361,2000,1019
1019,2000,2000,1361,2000,1019
1019,2000,2000,1361,2000,1019
1019,2000,2000,1361,2000,1019
1019,2000,2000,1361,2000,1019
1019,2000,2000,2000,2000,1019
1019,2000,2000,2000,2000,1019
1019,2000,2000,2000,2000,1019
1019,2000,2000,2000,2000,1019
1019,2000,2000,2000,2000,1019
1019,2000,2000,2000,2000,1019
1019,2000,2000,2000,2000,1019
1019,2000,2000,2000,2000,1019
1019,2000,2000,2000,2000,1019
1019,2000,2000,2000,2000,1019
1019,2000,2000,2000,2000,1019
1019,2000,2000,2000,2000,1019
1019,2000,2000,2000,2000,1019
1019,2000,2000,2000,2000,1019
1019,2000,2000,2000,2000,1019
1019,2000,2000,2000,2000,1019
1019,2000,2000,2000,2000,1019
1019,2000,2000,2000,2000,1019
1019,2000,2000,2000,2000,1019
1019,2000,2000,2000,2000,1019
1570,2000,2000,2000,2000,1570
1570,2000,2000,2000,2000,1570
1570,2000,2000,2000,2000,1570
1570,2000,2000,2000,2000,1570
1570,2000,2000,2000,2000,1570
1570,2000,2000,2000,2000,1570
1570,2000,2000,2000,2000,1570
1570,2000,2000,2000,2000,1570
1570,2000,2000,2000,2000,1570
1570,2000,2000,2000,2000,1570
1570,741,2000,2000,2000,741
1570,741,2000,2000,2000,741
1570,741,2000,2000,2000,741
1570,741,2000,2000,2000,741
1570,741,2000,2000,2000,741
1570,741,2000,2000,2000,741
1570,741,2000,2000,2000,741
1570,741,2000,2000,2000,741
1570,741,2000,2000,2000,741
1570,741,2000,2000,2000,741
1570,741,2000,2000,2000,741
1570,741,2000,2000,2000,741
1570,741,2000,2000,2000,741
1570,741,2000,2000,2000,741
1570,741,2000,2000,2000,741
1570,741,2000,2000,2000,741
1570,741,2000,2000,2000,741
1570,741,2000,2000,2000,741
1570,741,2000,2000,2000,741
1570,741,2000,2000,2000,741
1570,741,2000,2000,2000,741
1570,741,2000,2000,2000,741
1570,741,2000,2000,2000,741
1570,741,2000,2000,2000,741
1570,741,2000,2000,2000,741
1570,741,2000,2000,2000,741
1570,741,2000,2000,2000,741
1570,741,2000,2000,2000,741
1570,741,2000,2000,2000,741
1570,741,2000,2000,2000,741
1570,741,2000,2000,2000,741
1570,741,2000,2000,2000,741
1570,741,2000,2000,2000,741
1570,741,2000,2000,2000,741
1570,741,2000,2000,2000,741
1570,741,2000,2000,2000,741
1570,741,2000,2000,2000,741
1570,741,2000,2000,2000,741
1570,741,2000,2000,2000,741
1570,741,2000,2000,2000,741
1570,741,2000,2000,2000,741
1570,741,2000,2000,2000,741
1570,741,2000,2000,2000,741
1570,741,2000,2000,2000,741
1570,741,2000,2000,2000,741
1570,741,2000,2000,2000,741
1570,741,2000,2000,2000,741
1570,741,2000,2000,2000,741
1570,741,2000,2000,2000,741
1570,741,2000,2000,2000,741
1570,741,2000,2000,2000,741
1570,2000,2000,2000,2000,1570
1570,2000,2000,2000,2000,1570
1570,2000,2000,2000,2000,1570
1570,2000,2000,2000,2000,1570
1570,2000,2000,2000,2000,1570
1570,2000,2000,2000,2000,1570
1570,2000,2000,2000,2000,1570
1570,2000,2000,2000,2000,1570
1570,2000,2000,2000,2000,1570
1570,2000,2000,2000,2000,1570
1570,2000,2000,2000,2000,1570
1570,2000,2000,2000,2000,1570
1570,2000,2000,2000,2000,1570
1570,2000,2000,2000,2000,1570
1570,2000,2000,2000,2000,1570
1570,2000,2000,2000,2000,1570
1570,2000,2000,2000,2000,1570
1570,2000,2000,2000,2000,1570
1570,2000,2000,2000,2000,1570
1570,2000,2000,2000,2000,1570
1570,2000,2000,2000,2000,1570
1570,2000,2000,2000,2000,1570
1570,2000,2000,2000,2000,1570
1570,2000,2000,2000,2000,1570
1570,2000,2000,2000,2000,1570
1570,2000,2000,2000,2000,1570
1570,2000,2000,2000,2000,1570
1570,2000,2000,2000,2000,1570
1570,2000,2000,2000,2000,1570
1570,2000,2000,2000,2000,1570
1570,2000,2000,2000,2000,1570
1570,2000,2000,2000,2000,1570
1570,2000,2000,2000,2000,1570
1570,2000,2000,2000,2000,1570
1570,2000,2000,2000,2000,1570
1570,2000,2000,2000,2000,1570
1570,2000,2000,2000,2000,1570
1570,2000,2000,2000,2000,1570
1570,2000,2000,2000,2000,1570
1570,2000,2000,2000,2000,1570
1570,2000,2000,2000,2000,1570
1570,2000,2000,2000,2000,1570
1570,2000,2000,2000,2000,1570
1570,2000,2000,2000,2000,1570
1570,2000,2000,2000,2000,1570
1570,2000,2000,2000,2000,1570
1570,2000,2000,2000,2000,1570
1570,2000,2000,2000,2000,1570
1570,2000,2000,2000,2000,1570
1570,2000,2000,2000,2000,1570
1570,2000,2000,2000,2000,1570
1570,2000,2000,2000,2000,1570
1570,2000,2000,2000,2000,1570
1570,2000,2000,2000,2000,1570
1570,2000,2000,2000,2000,1570
1570,2000,2000,2000,2000,1570
1570,2000,2000,2000,2000,1570
1570,2000,2000,2000,2000,1570
1570,2000,2000,2000,2000,1570
1570,2000,2000,2000,2000,1570
1570,2000,2000,2000,2000,1570
1570,2000,2000,2000,2000,1570
1570,2000,2000,2000,2000,1570
1570,2000,2000,2000,2000,1570
1570,2000,2000,2000,2000,1570
1570,2000,2000,2000,2000,1570
1570,2000,2000,2000,2000,1570
1570,2000,2000,2000,2000,1570
1570,2000,2000,2000,2000,1570
1570,2000,2000,2000,2000,1570
1570,2000,2000,2000,2000,1570
1570,2000,2000,2000,2000,1570
1570,2000,2000,2000,2000,1570
1570,2000,2000,2000,2000,1570
1570,2000,2000,2000,2000,1570
1570,2000,2000,2000,2000,1570
1570,2000,2000,2000,2000,1570
1570,2000,2000,2000,2000,1570
1570,2000,2000,2000,2000,1570
1570,2000,2000,2000,2000,1570
1570,2000,2000,2000,2000,1570
1570,2000,2000,2000,2000,1570
1570,2000,2000,2000,2000,1570
1570,2000,2000,2000,2000,1570
1570,2000,2000,2000,2000,1570
1570,2000,2000,2000,2000,1570
1570,2000,2000,2000,2000,1570
1570,2000,2000,2000,2000,1570
1570,2000,2000,2000,2000,1570
1570,2000,2000,2000,2000,1570
1570,2000,2000,2000,2000,1570
1570,2000,2000,2000,2000,1570
1570,2000,2000,2000,2000,1570
1570,2000,2000,2000,2000,1570
1570,2000,2000,2000,2000,1570
1570,2000,2000,2000,2000,1570
1570,2000,2000,2000,2000,1570
1570,2000,2000,2000,2000,1570
1570,2000,2000,2000,2000,1570
1570,2000,2000,2000,2000,1570
1570,2000,2000,2000,2000,1570
1570,2000,2000,2000,2000,1570
1570,2000,2000,2000,2000,1570
1570,2000,2000,2000,2000,1570
1570,2000,2000,2000,2000,1570
1570,2000,2000,2000,2000,1570
1570,2000,2000,2000,2000,1570
1570,2000,2000,2000,2000,1570
1570,2000,2000,2000,2000,1570
1570,2000,2000,2000,2000,1570
1570,2000,2000,2000,2000,1570
1570,2000,2000,2000,2000,1570
1570,2000,2000,2000,2000,1570
1570,2000,2000,2000,2000,1570
1570,2000,2000,2000,2000,1570
1570,2000,2000,2000,2000,1570
1570,2000,2000,2000,2000,1570
1570,2000,2000,2000,2000,1570
1570,2000,2000,2000,2000,1570
1570,2000,2000,2000,2000,1570
1570,2000,2000,2000,2000,1570
1570,2000,2000,2000,2000,1570
1570,2000,2000,2000,2000,1570
1570,2000,2000,2000,2000,1570
1570,2000,2000,2000,2000,1570
1570,2000,2000,2000,2000,1570
1570,2000,2000,2000,2000,1570
1570,2000,2000,2000,2000,1570
1570,2000,2000,2000,2000,1570
1570,2000,2000,2000,2000,1570
1570,2000,2000,2000,1259,1259
1570,2000,2000,2000,1259,1259
1570,2000,2000,2000,1259,1259
1570,2000,2000,2000,1259,1259
1570,2000,2000,2000,1259,1259
1570,2000,2000,2000,1259,1259
1570,2000,2000,2000,1259,1259
1570,2000,2000,2000,1259,1259
1570,2000,2000,2000,1259,1259
1570,2000,2000,2000,1259,1259
1570,2000,2000,2000,1259,1259
1570,2000,2000,2000,1259,1259
1570,2000,2000,2000,1259,1259
1570,2000,2000,2000,1259,1259
1570,2000,2000,2000,1259,1259
1570,2000,2000,2000,1259,1259
1570,2000,2000,2000,1259,1259
1570,2000,2000,2000,1259,1259
1570,1395,2000,2000,1259,1259
1570,1395,2000,2000,1259,1259
1570,1395,2000,2000,1259,1259
1570,1395,2000,2000,1259,1259
1570,1395,2000,2000,1259,1259
1570,1395,2000,2000,1259,1259
1570,1395,2000,2000,1259,1259
1570,1395,2000,2000,1259,1259
1570,1395,2000,2000,1259,1259
1570,1395,2000,2000,1259,1259
1570,1395,2000,2000,1259,1259
1570,1395,2000,2000,1259,1259
1570,1395,2000,2000,1259,1259
1570,1395,2000,2000,1259,1259
1570,1395,2000,2000,1259,1259
1570,1395,2000,2000,1259,1259
1570,1395,2000,2000,1259,1259
1570,1395,2000,2000,1259,1259
1570,1395,2000,2000,1259,1259
1570,1395,2000,2000,1259,1259
1570,1395,2000,2000,1259,1259
1570,1395,2000,2000,1259,1259
1570,1395,2000,2000,1259,1259
1570,1395,2000,2000,1259,1259
1570,1395,2000,2000,1259,1259
1570,1395,2000,2000,1259,1259
1570,1395,2000,2000,1259,1259
1570,1395,2000,2000,1259,1259
1570,1395,2000,2000,1259,1259
1570,1395,2000,2000,2000,1395
1570,1395,2000,2000,2000,1395
1570,1395,2000,2000,2000,1395
1570,1395,2000,2000,2000,1395
1570,1395,2000,2000,2000,1395
1570,1395,2000,2000,2000,1395
1570,1395,2000,2000,2000,1395
1570,1395,2000,2000,2000,1395
1570,1395,2000,2000,2000,1395
1570,1395,2000,2000,2000,1395
1570,1395,2000,2000,2000,1395
1570,1395,2000,2000,2000,1395
1570,1395,2000,2000,2000,1395
1570,1395,2000,2000,2000,1395
1570,1395,2000,2000,2000,1395
1570,1395,2000,2000,2000,1395
1570,1395,2000,2000,2000,1395
1570,1395,2000,2000,2000,1395
1570,1395,2000,2000,2000,1395
1570,2000,2000,2000,2000,1570
1570,2000,2000,2000,2000,1570
1570,2000,2000,2000,2000,1570
1570,2000,2000,2000,2000,1570
1570,2000,2000,2000,2000,1570
1570,2000,2000,2000,2000,1570
1570,2000,2000,2000,2000,1570
1570,2000,2000,2000,2000,1570
1570,2000,2000,2000,2000,1570
1570,2000,2000,2000,2000,1570
1570,2000,2000,2000,2000,1570
1570,2000,2000,2000,2000,1570
1570,2000,2000,2000,2000,1570
1570,2000,2000,2000,2000,1570
1570,2000,2000,2000,2000,1570
1570,2000,2000,2000,2000,1570
1570,2000,2000,2000,2000,1570
1570,2000,2000,2000,2000,1570
1570,2000,2000,2000,2000,1570
1570,2000,2000,2000,2000,1570
1570,2000,2000,2000,2000,1570
1570,2000,2000,2000,2000,1570
1570,2000,2000,2000,2000,1570
1570,2000,2000,2000,2000,1570
1570,2000,2000,2000,2000,1570
1570,2000,2000,2000,2000,1570
1570,2000,2000,2000,2000,1570
1570,2000,2000,2000,2000,1570
1570,2000,2000,2000,690,690
1570,2000,2000,2000,690,690
1570,2000,2000,2000,690,690
1570,2000,2000,2000,690,690
1570,2000,2000,2000,690,690
1570,2000,2000,2000,690,690
1570,2000,2000,2000,690,690
1570,2000,2000,2000,690,690
1570,2000,2000,2000,690,690
1570,2000,2000,2000,690,690
1570,2000,2000,2000,690,690
1570,2000,2000,2000,690,690
1570,2000,2000,2000,690,690
1570,2000,2000,2000,690,690
1570,2000,2000,2000,690,690
1570,2000,2000,2000,690,690
1570,2000,2000,2000,690,690
1570,2000,2000,2000,690,690
1570,2000,2000,2000,690,690
1570,2000,2000,2000,690,690
1570,1423,2000,2000,690,690
1570,1423,2000,2000,690,690
1570,1423,2000,2000,690,690
1570,1423,2000,2000,690,690
1570,1423,2000,2000,690,690
1570,1423,2000,2000,690,690
1570,1423,2000,2000,690,690
1570,1423,2000,2000,690,690
1570,1423,2000,2000,690,690
1570,1423,2000,2000,690,690
1570,1423,2000,2000,690,690
1570,1423,2000,2000,690,690
1570,1423,2000,2000,690,690
1570,1423,2000,2000,690,690
1570,1423,2000,2000,690,690
1570,1423,2000,2000,690,690
1570,1423,2000,2000,690,690
1570,1423,2000,2000,690,690
1570,1423,2000,2000,690,690
1570,1423,2000,2000,690,690
1570,1423,2000,2000,690,690
1570,1423,2000,2000,690,690
1570,1423,2000,2000,690,690
1570,1423,2000,2000,690,690
1570,1423,2000,2000,690,690
1570,1423,2000,2000,690,690
1570,1423,2000,2000,690,690
1570,1423,2000,2000,690,690
1570,1423,2000,2000,690,690
1570,1423,2000,2000,2000,1423
1570,1423,2000,2000,2000,1423
1570,1423,2000,2000,2000,1423
1570,1423,2000,2000,2000,1423
1570,1423,2000,2000,2000,1423
1570,1423,2000,2000,2000,1423
1570,1423,2000,2000,2000,1423
1570,1423,2000,2000,2000,1423
1570,1423,2000,2000,2000,1423
1570,1423,2000,2000,2000,1423
1570,1423,2000,2000,2000,1423
1570,1423,2000,2000,2000,1423
1570,1423,2000,2000,2000,1423
1570,1423,2000,2000,2000,1423
1570,1423,2000,2000,2000,1423
1570,1423,2000,2000,2000,1423
1570,1423,2000,2000,2000,1423
1570,1423,2000,2000,2000,1423
1570,1423,2000,2000,2000,1423
1570,2000,2000,2000,2000,1570
1570,2000,2000,2000,2000,1570
1570,2000,2000,2000,2000,1570
1570,2000,2000,2000,2000,1570
1570,2000,2000,2000,2000,1570
1570,2000,2000,2000,2000,1570
1570,2000,2000,2000,2000,1570
1570,2000,2000,2000,2000,1570
1570,2000,2000,2000,2000,1570
1570,2000,2000,2000,2000,1570
1570,2000,2000,2000,2000,1570
1570,2000,2000,2000,2000,1570
1570,2000,2000,2000,2000,1570
1570,2000,2000,2000,2000,1570
1570,2000,2000,2000,2000,1570
1570,2000,2000,2000,2000,1570
1570,2000,2000,2000,2000,1570
1570,2000,2000,2000,2000,1570
1570,2000,2000,2000,2000,1570
1570,2000,2000,2000,2000,1570
1570,2000,2000,2000,2000,1570
1570,2000,2000,2000,2000,1570
1570,2000,2000,2000,2000,1570
1570,2000,2000,2000,2000,1570
1570,2000,2000,2000,2000,1570
1570,2000,2000,2000,2000,1570
1570,2000,2000,2000,2000,1570
1570,2000,2000,2000,2000,1570
1570,2000,2000,2000,2000,1570
1570,2000,2000,2000,2000,1570
1570,2000,2000,2000,2000,1570
1570,2000,2000,2000,2000,1570
1570,2000,2000,2000,2000,1570
1570,2000,2000,2000,2000,1570
1570,2000,2000,2000,2000,1570
1570,2000,2000,2000,2000,1570
1570,2000,2000,2000,2000,1570
1570,2000,2000,2000,2000,1570
1570,2000,2000,2000,2000,1570
1570,2000,2000,2000,2000,1570
1570,2000,2000,2000,2000,1570
1570,2000,2000,2000,2000,1570
1570,2000,2000,2000,2000,1570
1570,2000,2000,2000,2000,1570
1570,2000,2000,2000,2000,1570
1570,2000,2000,2000,2000,1570
1570,2000,2000,2000,2000,1570
1570,2000,2000,2000,2000,1570
1570,2000,2000,2000,2000,1570
1570,2000,2000,2000,2000,1570
1570,2000,2000,2000,2000,1570
1570,2000,2000,2000,2000,1570
1570,2000,2000,2000,2000,1570
1570,2000,2000,2000,2000,1570
1570,2000,2000,2000,2000,1570
1570,2000,2000,2000,2000,1570
1570,2000,2000,2000,2000,1570
1570,2000,2000,2000,2000,1570
1570,2000,2000,2000,2000,1570
1570,2000,2000,2000,2000,1570
1570,2000,2000,2000,2000,1570
1570,2000,2000,2000,2000,1570
1570,2000,2000,2000,2000,1570
1570,2000,2000,2000,2000,1570
1570,2000,2000,2000,2000,1570
1570,2000,2000,2000,2000,1570
1570,2000,2000,2000,2000,1570
1570,2000,2000,2000,2000,1570
1570,2000,2000,2000,2000,1570
1570,2000,2000,1866,2000,1570
1570,2000,2000,1866,2000,1570
1570,2000,2000,1866,2000,1570
1570,2000,2000,1866,2000,1570
1570,2000,2000,1866,2000,1570
1570,2000,2000,1866,2000,1570
1570,2000,2000,1866,2000,1570
1570,2000,2000,1866,2000,1570
1570,2000,2000,1866,2000,1570
1570,2000,2000,1866,2000,1570
1570,2000,2000,1866,2000,1570
1570,2000,2000,1866,2000,1570
1570,2000,2000,1866,2000,1570
1570,2000,2000,1866,2000,1570
1570,2000,2000,1866,2000,1570
1570,2000,2000,1866,2000,1570
1570,2000,2000,1866,2000,1570
1570,2000,2000,1866,2000,1570
1570,2000,2000,1866,2000,1570
1570,2000,2000,1866,2000,1570
1570,2000,2000,1866,2000,1570
1570,2000,2000,1866,2000,1570
1570,2000,2000,1866,2000,1570
1570,2000,2000,1866,2000,1570
1570,2000,2000,1866,2000,1570
1570,2000,2000,1866,2000,1570
1570,2000,2000,1866,2000,1570
1570,2000,2000,1866,2000,1570
1570,2000,2000,1866,2000,1570
1570,2000,2000,1866,2000,1570
1570,2000,2000,1866,2000,1570
1570,2000,2000,1866,2000,1570
1570,2000,2000,1866,2000,1570
1570,2000,2000,1866,2000,1570
1570,2000,2000,1866,2000,1570
1570,2000,2000,1866,2000,1570
1570,2000,2000,1866,2000,1570
1570,2000,2000,1866,2000,1570
1570,2000,2000,1866,2000,1570
1570,2000,2000,1866,2000,1570
1570,2000,2000,1866,2000,1570
1570,2000,2000,1866,2000,1570
1570,2000,2000,1866,2000,1570
1570,2000,2000,1866,2000,1570
1570,2000,2000,1866,2000,1570
1570,2000,2000,1866,2000,1570
1570,2000,2000,1866,2000,1570
1570,2000,2000,1866,2000,1570
1570,2000,2000,1866,2000,1570
1570,2000,2000,2000,2000,1570
1570,2000,2000,2000,2000,1570
1570,2000,2000,2000,2000,1570
1570,2000,2000,2000,2000,1570
1570,2000,2000,2000,2000,1570
1570,2000,2000,2000,2000,1570
1570,2000,2000,2000,2000,1570
1570,2000,2000,2000,2000,1570
1570,2000,2000,2000,2000,1570
1570,2000,2000,2000,2000,1570
1570,2000,2000,2000,2000,1570
1570,2000,2000,2000,2000,1570
1570,2000,2000,2000,2000,1570
1570,2000,2000,2000,2000,1570
1570,2000,2000,2000,2000,1570
1570,2000,2000,2000,2000,1570
1570,2000,2000,2000,2000,1570
1570,2000,2000,2000,2000,1570
1570,2000,2000,2000,2000,1570
1570,2000,2000,2000,2000,1570
1570,2000,2000,2000,2000,1570
1570,2000,2000,2000,2000,1570
1570,2000,2000,2000,2000,1570
1570,2000,2000,2000,2000,1570
1570,2000,2000,2000,2000,1570
1570,2000,2000,2000,2000,1570
1570,2000,2000,2000,2000,1570
1570,2000,2000,2000,2000,1570
1570,2000,2000,2000,2000,1570
1570,2000,2000,2000,2000,1570
1570,2000,2000,2000,2000,1570
1570,2000,2000,2000,2000,1570
1570,2000,2000,2000,2000,1570
1570,2000,2000,2000,2000,1570
1570,2000,2000,2000,2000,1570
1570,2000,2000,2000,2000,1570
1570,2000,2000,2000,2000,1570
1570,2000,2000,2000,2000,1570
1570,2000,2000,2000,2000,1570
1570,2000,2000,2000,2000,1570
1570,2000,2000,2000,2000,1570
1570,2000,2000,2000,2000,1570
1570,2000,2000,2000,2000,1570
1570,2000,2000,2000,2000,1570
1570,2000,2000,2000,2000,1570
1570,2000,2000,2000,2000,1570
1570,2000,2000,2000,2000,1570
1570,2000,2000,2000,2000,1570
1570,2000,2000,2000,2000,1570
1570,2000,2000,2000,2000,1570
1570,2000,2000,2000,2000,1570
1570,2000,2000,2000,2000,1570
1570,2000,2000,1458,2000,1458
1570,2000,2000,1458,2000,1458
1570,2000,2000,1458,2000,1458
1570,2000,2000,1458,2000,1458
1570,2000,2000,1458,2000,1458
1570,2000,2000,1458,2000,1458
1570,2000,2000,1458,2000,1458
1570,2000,2000,1458,2000,1458
1570,2000,2000,1458,2000,1458
1570,2000,2000,1458,2000,1458
1570,2000,2000,1458,2000,1458
1570,2000,2000,1458,2000,1458
1570,2000,2000,1458,2000,1458
1570,2000,2000,1458,2000,1458
1570,2000,2000,1458,2000,1458
1570,2000,2000,1458,2000,1458
1570,2000,2000,1458,2000,1458
1570,2000,2000,1458,2000,1458
1570,2000,2000,1458,2000,1458
1570,2000,2000,1458,2000,1458
1353,2000,2000,1458,2000,1353
1353,2000,2000,1458,2000,1353
1353,2000,2000,1458,2000,1353
1353,2000,2000,1458,2000,1353
1353,2000,2000,1458,2000,1353
1353,2000,2000,1458,2000,1353
1353,2000,2000,1458,2000,1353
1353,2000,2000,1458,2000,1353
1353,2000,2000,1458,2000,1353
1353,2000,2000,1458,2000,1353
1353,2000,2000,1458,2000,1353
1353,2000,2000,1458,2000,1353
1353,2000,2000,1458,2000,1353
1353,2000,2000,1458,2000,1353
1353,2000,2000,1458,2000,1353
1353,2000,2000,1458,2000,1353
1353,2000,2000,1458,2000,1353
1353,2000,2000,1458,2000,1353
1353,2000,2000,1458,2000,1353
1353,2000,1463,1458,2000,1353
1353,2000,1463,1458,2000,1353
1353,2000,1463,1458,2000,1353
1353,2000,1463,1458,2000,1353
1353,2000,1463,1458,2000,1353
1353,2000,1463,1458,2000,1353
1353,2000,1463,1458,2000,1353
1353,2000,1463,1458,2000,1353
1353,2000,1463,1458,2000,1353
1353,2000,1463,1458,2000,1353
1353,2000,1463,2000,2000,1353
1353,2000,1463,2000,2000,1353
1353,2000,1463,2000,2000,1353
1353,2000,1463,2000,2000,1353
1353,2000,1463,2000,2000,1353
1353,2000,1463,2000,2000,1353
1353,2000,1463,2000,2000,1353
1353,2000,1463,2000,2000,1353
1353,2000,1463,2000,2000,1353
1353,2000,1463,2000,2000,1353
1353,2000,1463,2000,2000,1353
1353,2000,1463,2000,2000,1353
1353,2000,1463,2000,2000,1353
1353,2000,1463,2000,2000,1353
1353,2000,1463,2000,2000,1353
1353,2000,1463,2000,2000,1353
1353,2000,1463,2000,2000,1353
1353,2000,1463,2000,2000,1353
1353,2000,1463,2000,2000,1353
1353,2000,1463,2000,2000,1353
1353,2000,1463,2000,2000,1353
1570,2000,1463,2000,2000,1463
1570,2000,1463,2000,2000,1463
1570,2000,1463,2000,2000,1463
1570,2000,1463,2000,2000,1463
1570,2000,1463,2000,2000,1463
1570,2000,1463,2000,2000,1463
1570,2000,1463,2000,2000,1463
1570,2000,1463,2000,2000,1463
1570,2000,1463,2000,2000,1463
1570,2000,1463,2000,2000,1463
1570,2000,1463,2000,2000,1463
1570,2000,1463,2000,2000,1463
1570,2000,1463,2000,2000,1463
1570,2000,1463,2000,2000,1463
1570,2000,1463,2000,2000,1463
1570,2000,1463,2000,2000,1463
1570,2000,1463,2000,2000,1463
1570,2000,1463,2000,2000,1463
1570,2000,1463,2000,2000,1463
1570,2000,2000,2000,2000,1570
1570,2000,2000,2000,2000,1570
1570,2000,2000,2000,2000,1570
1570,2000,2000,2000,2000,1570
1570,2000,2000,2000,2000,1570
1570,2000,2000,2000,2000,1570
1570,2000,2000,2000,2000,1570
1570,2000,2000,2000,2000,1570
1570,2000,2000,2000,2000,1570
1570,2000,2000,2000,2000,1570
1570,2000,2000,1484,2000,1484
1570,2000,2000,1484,2000,1484
1570,2000,2000,1484,2000,1484
1570,2000,2000,1484,2000,1484
1570,2000,2000,1484,2000,1484
1570,2000,2000,1484,2000,1484
1570,2000,2000,1484,2000,1484
1570,2000,2000,1484,2000,1484
1570,2000,2000,1484,2000,1484
1570,2000,2000,1484,2000,1484
1570,2000,2000,1484,2000,1484
1570,2000,2000,1484,2000,1484
1570,2000,2000,1484,2000,1484
1570,2000,2000,1484,2000,1484
1570,2000,2000,1484,2000,1484
1570,2000,2000,1484,2000,1484
1570,2000,2000,1484,2000,1484
1570,2000,2000,1484,2000,1484
1570,2000,2000,1484,2000,1484
1570,2000,2000,1484,2000,1484
1570,2000,2000,1484,2000,1484
1187,2000,2000,1484,2000,1187
1187,2000,2000,1484,2000,1187
1187,2000,2000,1484,2000,1187
1187,2000,2000,1484,2000,1187
1187,2000,2000,1484,2000,1187
1187,2000,2000,1484,2000,1187
1187,2000,2000,1484,2000,1187
1187,2000,2000,1484,2000,1187
1187,2000,2000,1484,2000,1187
1187,2000,2000,1484,2000,1187
1187,2000,2000,1484,2000,1187
1187,2000,2000,1484,2000,1187
1187,2000,2000,1484,2000,1187
1187,2000,2000,1484,2000,1187
1187,2000,2000,1484,2000,1187
1187,2000,2000,1484,2000,1187
1187,2000,2000,1484,2000,1187
1187,2000,2000,1484,2000,1187
1187,2000,2000,1484,2000,1187
1187,2000,1293,1484,2000,1187
1187,2000,1293,1484,2000,1187
1187,2000,1293,1484,2000,1187
1187,2000,1293,1484,2000,1187
1187,2000,1293,1484,2000,1187
1187,2000,1293,1484,2000,1187
1187,2000,1293,1484,2000,1187
1187,2000,1293,1484,2000,1187
1187,2000,1293,1484,2000,1187
1187,2000,1293,1484,2000,1187
1187,2000,1293,2000,2000,1187
1187,2000,1293,2000,2000,1187
1187,2000,1293,2000,2000,1187
1187,2000,1293,2000,2000,1187
1187,2000,1293,2000,2000,1187
1187,2000,1293,2000,2000,1187
1187,2000,1293,2000,2000,1187
1187,2000,1293,2000,2000,1187
1187,2000,1293,2000,2000,1187
1187,2000,1293,2000,1297,1187
1187,2000,1293,2000,1297,1187
1187,2000,1293,2000,1297,1187
1187,2000,1293,2000,1297,1187
1187,2000,1293,2000,1297,1187
1187,2000,1293,2000,1297,1187
1187,2000,1293,2000,1297,1187
1187,2000,1293,2000,1297,1187
1187,2000,1293,2000,1297,1187
1187,2000,1293,2000,1297,1187
1187,2000,1293,2000,1297,1187
1570,2000,1293,2000,1297,1293
1570,2000,1293,2000,1297,1293
1570,2000,1293,2000,1297,1293
1570,2000,1293,2000,1297,1293
1570,2000,1293,2000,1297,1293
1570,2000,1293,2000,1297,1293
1570,2000,1293,2000,1297,1293
1570,2000,1293,2000,1297,1293
1570,2000,1293,2000,1297,1293
1570,1132,1293,2000,1297,1132
1570,1132,1293,2000,1297,1132
1570,1132,1293,2000,1297,1132
1570,1132,1293,2000,1297,1132
1570,1132,1293,2000,1297,1132
1570,1132,1293,2000,1297,1132
1570,1132,1293,2000,1297,1132
1570,1132,1293,2000,1297,1132
1570,1132,1293,2000,1297,1132
1570,1132,1293,2000,1297,1132
1570,1132,2000,2000,1297,1132
1570,1132,2000,2000,1297,1132
1570,1132,2000,2000,1297,1132
1570,1132,2000,2000,1297,1132
1570,1132,2000,2000,1297,1132
1570,1132,2000,2000,1297,1132
1570,1132,2000,2000,1297,1132
1570,1132,2000,2000,1297,1132
1570,1132,2000,2000,1297,1132
1570,1132,2000,1250,1297,1132
1570,1132,2000,1250,1297,1132
1570,1132,2000,1250,1297,1132
1570,1132,2000,1250,1297,1132
1570,1132,2000,1250,1297,1132
1570,1132,2000,1250,1297,1132
1570,1132,2000,1250,1297,1132
1570,1132,2000,1250,1297,1132
